city,state,lat,lon,source,matched_name
Airdrie,AB,51.285970,-114.010620,nominatim,Airdrie
Brooks,AB,50.571027,-111.893005,nominatim,Brooks
Calgary,AB,51.045606,-114.057541,nominatim,Calgary
Edmonton,AB,53.546205,-113.491241,nominatim,Edmonton
Edson,AB,53.585866,-116.442847,nominatim,Edson
Fort Mcmurray,AB,56.729200,-111.388522,nominatim,Fort McMurray
Fort Saskatchewan,AB,53.712857,-113.214894,nominatim,Fort Saskatchewan
Grande Prairie,AB,55.171080,-118.794987,nominatim,Grande Prairie
Hanna,AB,51.644557,-111.927479,nominatim,Hanna
Hinton,AB,53.399051,-117.588677,nominatim,Town of Hinton
Lethbridge,AB,49.694578,-112.833103,nominatim,Lethbridge
Lloydminster,AB,53.279995,-110.008850,nominatim,City of Lloydminster
Medicine Hat,AB,50.043030,-110.679016,nominatim,Medicine Hat
Nanton,AB,50.348199,-113.770256,nominatim,Town of Nanton
Nisku,AB,53.333333,-113.533333,nominatim,Nisku
Red Deer,AB,52.269063,-113.814146,nominatim,City of Red Deer
Sherwood Park,AB,53.525696,-113.296631,nominatim,Sherwood Park
Valleyview,AB,55.066667,-117.283333,nominatim,Town of Valleyview
Whitecourt,AB,54.142457,-115.684650,nominatim,Whitecourt
Abbeville,AL,31.565164,-85.259165,census,Abbeville city
Alabaster,AL,33.214355,-86.823080,census,Alabaster city
Altoona,AL,34.040014,-86.305179,census,Altoona town
Andalusia,AL,31.309436,-86.478031,census,Andalusia city
Ashford,AL,31.185284,-85.236236,census,Ashford city
Atmore,AL,31.124067,-87.457798,census,Atmore city
Bessemer,AL,33.370858,-86.971522,census,Bessemer city
Birmingham,AL,33.527174,-86.797036,census,Birmingham city
Boaz,AL,34.199020,-86.155151,census,Boaz city
Brent,AL,32.944893,-87.172088,census,Brent city
Brewton,AL,31.109175,-87.076583,census,Brewton city
Brundidge,AL,31.717639,-85.817550,census,Brundidge city
Calera,AL,33.122319,-86.745644,census,Calera city
Centre,AL,34.153059,-85.671683,census,Centre city
Childersburg,AL,33.292558,-86.340864,census,Childersburg city
Clanton,AL,32.845572,-86.619494,census,Clanton city
Cottondale,AL,33.193047,-87.454861,census,Cottondale CDP
Courtland,AL,34.669946,-87.327892,census,Courtland town
Creola,AL,30.874249,-88.009537,census,Creola town
Cullman,AL,34.176870,-86.840656,census,Cullman city
Cusseta,AL,32.787637,-85.305769,census,Cusseta town
Daleville,AL,31.291534,-85.711711,census,Daleville city
Decatur,AL,34.572995,-86.989901,census,Decatur city
Demopolis,AL,32.499744,-87.826678,census,Demopolis city
Dothan,AL,31.233698,-85.406823,census,Dothan city
Eastaboga,AL,33.605937,-86.021359,nominatim,Eastaboga
Enterprise,AL,31.325529,-85.846071,census,Enterprise city
Eutaw,AL,32.846247,-87.900332,census,Eutaw city
Evergreen,AL,31.433216,-86.976081,census,Evergreen city
Fackler,AL,34.792583,-85.909977,nominatim,Fackler
Falkville,AL,34.377019,-86.909547,census,Falkville town
Foley,AL,30.397071,-87.668458,census,Foley city
Fort Payne,AL,34.457329,-85.689447,census,Fort Payne city
Gadsden,AL,34.006597,-86.016078,census,Gadsden city
Gordon,AL,31.143606,-85.092504,census,Gordon town
Grand Bay,AL,30.472082,-88.344401,census,Grand Bay CDP
Grove Hill,AL,31.698670,-87.772868,census,Grove Hill town
Hamilton,AL,34.138713,-87.970833,census,Hamilton city
Hanceville,AL,34.064010,-86.764436,census,Hanceville city
Hartford,AL,31.105348,-85.691225,census,Hartford city
Headland,AL,31.354974,-85.357031,census,Headland city
Heflin,AL,33.647400,-85.569339,census,Heflin city
Hope Hull,AL,32.269863,-86.357192,nominatim,Hope Hull
Huntsville,AL,34.697720,-86.676670,census,Huntsville city
Irvington,AL,30.506862,-88.233892,nominatim,Irvington
Jackson,AL,31.532321,-87.891183,census,Jackson city
Jasper,AL,33.851110,-87.268348,census,Jasper city
Jemison,AL,32.970705,-86.733070,census,Jemison city
Knoxville,AL,33.591772,-85.897188,nominatim,Knoxville
Lincoln,AL,33.580169,-86.127876,census,Lincoln city
Lineville,AL,33.312832,-85.752278,census,Lineville city
Livingston,AL,32.595549,-88.186929,census,Livingston city
Loxley,AL,30.684588,-87.739213,census,Loxley city
Lynn,AL,34.057591,-87.548643,census,Lynn town
Madison,AL,34.710533,-86.762280,census,Madison city
Maplesville,AL,32.784391,-86.879694,census,Maplesville town
Mc Calla,AL,,,unmatched,
Millbrook,AL,32.501474,-86.373914,census,Millbrook city
Mobile,AL,30.668246,-88.107853,census,Mobile city
Monroeville,AL,31.516223,-87.327714,census,Monroeville city
Montgomery,AL,32.348503,-86.267307,census,Montgomery city
Moody,AL,33.603429,-86.493786,census,Moody city
Moulton,AL,34.488301,-87.282707,census,Moulton city
Mount Vernon,AL,31.087727,-88.013166,census,Mount Vernon town
Northport,AL,33.257565,-87.596396,census,Northport city
Opelika,AL,32.660739,-85.378890,census,Opelika city
Oxford,AL,33.596410,-85.868219,census,Oxford city
Ozark,AL,31.451615,-85.645035,census,Ozark city
Pelham,AL,33.321830,-86.742197,census,Pelham city
Pell City,AL,33.560312,-86.263634,census,Pell City city
Pennington,AL,32.200612,-88.037572,census,Pennington town
Phenix City,AL,32.453709,-85.031019,census,Phenix City city
Prattville,AL,32.449041,-86.449401,census,Prattville city
Robertsdale,AL,30.557139,-87.704723,census,Robertsdale city
SAMSON,AL,31.112417,-86.046735,census,Samson town
Saraland,AL,30.854509,-88.109809,census,Saraland city
Satsuma,AL,30.857874,-88.063383,census,Satsuma city
Scottsboro,AL,34.644620,-86.048155,census,Scottsboro city
Selma,AL,32.416983,-87.035702,census,Selma city
Shorter,AL,32.411501,-85.972808,census,Shorter town
Smiths Station,AL,32.522852,-85.099425,census,Smiths Station city
Steele,AL,33.941378,-86.192107,census,Steele town
Sylacauga,AL,33.188670,-86.274799,census,Sylacauga city
Theodore,AL,30.538686,-88.187573,census,Theodore CDP
Thomasville,AL,31.915011,-87.737204,census,Thomasville city
Troy,AL,31.801960,-85.967130,census,Troy city
Tuscaloosa,AL,33.234404,-87.528300,census,Tuscaloosa city
Tuscumbia,AL,34.718502,-87.702586,census,Tuscumbia city
Tuskegee,AL,32.418723,-85.682509,census,Tuskegee city
Valley,AL,32.808736,-85.181080,census,Valley city
Vance,AL,33.173992,-87.226627,census,Vance city
Warrior,AL,33.814858,-86.815650,census,Warrior city
Wetumpka,AL,32.542018,-86.205307,census,Wetumpka city
Winfield,AL,33.934717,-87.791310,census,Winfield city
Alma,AR,35.492375,-94.213947,census,Alma city
Arkadelphia,AR,34.127380,-93.070851,census,Arkadelphia city
Ashdown,AR,33.674529,-94.126627,census,Ashdown city
Atkins,AR,35.240863,-92.949643,census,Atkins city
Bald Knob,AR,35.312539,-91.571253,census,Bald Knob city
Batesville,AR,35.768572,-91.622652,census,Batesville city
Beebe,AR,35.072433,-91.901059,census,Beebe city
Benton,AR,34.577424,-92.572583,census,Benton city
Black Rock,AR,36.106237,-91.107480,census,Black Rock city
Blytheville,AR,35.934066,-89.905133,census,Blytheville city
Boles,AR,34.788119,-94.049397,census,Boles CDP
Brinkley,AR,34.889781,-91.189819,census,Brinkley city
Bryant,AR,34.615059,-92.491338,census,Bryant city
Cabot,AR,34.975106,-92.028288,census,Cabot city
Carlisle,AR,34.795425,-91.740494,census,Carlisle city
Cave City,AR,35.947801,-91.546977,census,Cave City city
Clarksville,AR,35.453918,-93.481558,census,Clarksville city
Clinton,AR,35.578981,-92.455735,census,Clinton city
Conway,AR,35.074404,-92.467004,census,Conway city
Corning,AR,36.413682,-90.583609,census,Corning city
Dumas,AR,33.883372,-91.485632,census,Dumas city
Earle,AR,35.273379,-90.464304,census,Earle city
El Dorado,AR,33.218982,-92.664071,census,El Dorado city
Fayetteville,AR,36.071455,-94.166564,census,Fayetteville city
Forrest City,AR,35.013599,-90.793207,census,Forrest City city
Fort Smith,AR,35.349276,-94.370883,census,Fort Smith city
Gassville,AR,36.284949,-92.486830,census,Gassville city
Greenbrier,AR,35.228811,-92.383563,census,Greenbrier city
Gurdon,AR,33.916032,-93.153910,census,Gurdon city
Hardy,AR,36.319645,-91.481503,census,Hardy city
Harrison,AR,36.242592,-93.117650,census,Harrison city
Hazen,AR,34.781368,-91.558058,census,Hazen city
Hensley,AR,34.510410,-92.209517,census,Hensley CDP
Hot Springs National Park,AR,,,unmatched,
Huntsville,AR,36.098656,-93.733244,census,Huntsville city
Jacksonville,AR,34.877908,-92.131475,census,Jacksonville city
Jonesboro,AR,35.819755,-90.679033,census,Jonesboro city
Lake City,AR,35.819370,-90.453905,census,Lake City city
Lake Village,AR,33.329180,-91.284794,census,Lake Village city
Little Rock,AR,34.725393,-92.358556,census,Little Rock city
Lonoke,AR,34.790501,-91.907362,census,Lonoke city
Lowell,AR,36.255855,-94.153356,census,Lowell city
Magnolia,AR,33.276698,-93.226247,census,Magnolia city
Malvern,AR,34.373579,-92.821250,census,Malvern city
Mansfield,AR,35.063915,-94.234269,census,Mansfield city
Marion,AR,35.204246,-90.206715,census,Marion city
Maumelle,AR,34.852344,-92.399995,census,Maumelle city
Mc Crory,AR,,,unmatched,
Morrilton,AR,35.155456,-92.738932,census,Morrilton city
Mulberry,AR,35.508500,-94.074753,census,Mulberry city
Newport,AR,35.623772,-91.231682,census,Newport city
North Little Rock,AR,34.781752,-92.235057,census,North Little Rock city
Osceola,AR,35.690217,-89.988295,census,Osceola city
Ozark,AR,35.501858,-93.848378,census,Ozark city
Palestine,AR,34.970307,-90.908225,census,Palestine city
Pine Bluff,AR,34.211591,-92.017555,census,Pine Bluff city
Pocahontas,AR,36.263366,-90.971224,census,Pocahontas city
Portia,AR,36.084865,-91.071044,census,Portia town
Prescott,AR,33.804320,-93.391207,census,Prescott city
Rogers,AR,36.318085,-94.152287,census,Rogers city
Russellville,AR,35.276876,-93.137515,census,Russellville city
Searcy,AR,35.241134,-91.735223,census,Searcy city
Sheridan,AR,34.321575,-92.443067,census,Sheridan city
Springdale,AR,36.191438,-94.155062,census,Springdale city
Stuttgart,AR,34.495233,-91.548638,census,Stuttgart city
Texarkana,AR,33.436339,-93.987118,census,Texarkana city
Trumann,AR,35.676980,-90.526094,census,Trumann city
Turrell,AR,35.374609,-90.270384,census,Turrell city
Warren,AR,33.611829,-92.067718,census,Warren city
West Helena,AR,34.544012,-90.642619,nominatim,West Helena
West Memphis,AR,35.149554,-90.199266,census,West Memphis city
Wheatley,AR,34.921186,-91.106255,census,Wheatley city
White Hall,AR,34.275179,-92.100649,census,White Hall city
Widener,AR,35.023498,-90.681934,census,Widener town
Apache Junction,AZ,33.382766,-111.540509,census,Apache Junction city
Ash Fork,AZ,35.217187,-112.491300,census,Ash Fork CDP
Avondale,AZ,33.313236,-112.328928,census,Avondale city
Bellemont,AZ,35.242489,-111.813789,census,Bellemont CDP
Benson,AZ,31.914497,-110.328552,census,Benson city
Bowie,AZ,32.324880,-109.484456,census,Bowie CDP
Buckeye,AZ,33.431573,-112.641626,census,Buckeye city
Chandler,AZ,33.282765,-111.851819,census,Chandler city
Claypool,AZ,33.406101,-110.841873,census,Claypool CDP
Dewey,AZ,34.517396,-112.249650,census-prefix,Dewey-Humboldt town
Ehrenberg,AZ,33.614208,-114.483007,census,Ehrenberg CDP
Eloy,AZ,32.741255,-111.594015,census,Eloy city
Flagstaff,AZ,35.185212,-111.620698,census,Flagstaff city
Gila Bend,AZ,32.966242,-112.715465,census,Gila Bend town
Glendale,AZ,33.533111,-112.189901,census,Glendale city
Globe,AZ,33.393642,-110.741106,census,Globe city
Holbrook,AZ,34.904624,-110.167210,census,Holbrook city
Joseph City,AZ,34.963693,-110.329039,census,Joseph City CDP
Kingman,AZ,35.216992,-114.010529,census,Kingman city
Lake Havasu City,AZ,34.499809,-114.310943,census,Lake Havasu City city
Litchfield Park,AZ,33.501761,-112.359470,census,Litchfield Park city
Littlefield,AZ,36.865925,-113.935976,census,Littlefield CDP
Lupton,AZ,35.354743,-109.052817,census,Lupton CDP
Marana,AZ,32.465936,-111.135405,census,Marana town
Mayer,AZ,34.423271,-112.240747,census,Mayer CDP
Mesa,AZ,33.399355,-111.715968,census,Mesa city
Nogales,AZ,31.361928,-110.934820,census,Nogales city
Page,AZ,36.941815,-111.513283,census,Page city
Payson,AZ,34.243841,-111.318964,census,Payson town
Phoenix,AZ,33.572154,-112.090132,census,Phoenix city
Prescott,AZ,34.592241,-112.446733,census,Prescott city
Quartzsite,AZ,33.667507,-114.217041,census,Quartzsite town
Rio Rico,AZ,31.498168,-110.987798,census,Rio Rico CDP
Safford,AZ,32.833298,-109.697418,census,Safford city
Salome,AZ,33.777771,-113.606047,census,Salome CDP
San Simon,AZ,32.268169,-109.230200,census,San Simon CDP
Show Low,AZ,34.265053,-110.038321,census,Show Low city
Sierra Vista,AZ,31.565410,-110.314508,census,Sierra Vista city
Springerville,AZ,34.171921,-109.306892,census,Springerville town
Surprise,AZ,33.670801,-112.452546,census,Surprise city
Tacna,AZ,32.700435,-113.961785,census,Tacna CDP
Tolleson,AZ,33.448370,-112.256012,census,Tolleson city
Tonopah,AZ,33.487986,-112.930811,census,Tonopah CDP
Tucson,AZ,32.153036,-110.870773,census,Tucson city
Wikieup,AZ,34.693034,-113.599504,census,Wikieup CDP
Willcox,AZ,32.251804,-109.835698,census,Willcox city
Williams,AZ,35.246640,-112.183296,census,Williams city
Willow Beach,AZ,35.869780,-114.660065,nominatim,Willow Beach
Winslow,AZ,35.024236,-110.709331,census,Winslow city
Wittmann,AZ,33.774957,-112.525091,census,Wittmann CDP
Yucca,AZ,34.862993,-114.146145,census,Yucca CDP
Yuma,AZ,32.516286,-114.521782,census,Yuma city
Abbotsford,BC,49.052116,-122.329479,nominatim,Abbotsford
Chilliwack,BC,49.170979,-121.952550,nominatim,Chilliwack
Coquitlam,BC,49.284296,-122.793281,nominatim,Coquitlam
Cranbrook,BC,49.510748,-115.767277,nominatim,Cranbrook
Creston,BC,49.097405,-116.513093,nominatim,Creston
Dawson Creek,BC,55.760531,-120.236445,nominatim,Dawson Creek
Delta,BC,49.084626,-123.057938,nominatim,Delta
Fort Nelson,BC,58.804835,-122.701459,nominatim,Fort Nelson
Fort St John,BC,56.252757,-120.847206,nominatim,Fort St. John
Hope,BC,49.379978,-121.441585,nominatim,Hope
Jaffray,BC,49.371094,-115.301039,nominatim,Jaffray
Kamloops,BC,50.675827,-120.339415,nominatim,Kamloops
Kitwanga,BC,55.100373,-128.067627,nominatim,Kitwanga
New Westminster,BC,49.206773,-122.910882,nominatim,New Westminster
Prince George,BC,53.912864,-122.745370,nominatim,Prince George
Quesnel,BC,52.979428,-122.493627,nominatim,Quesnel
Brawley,CA,32.978454,-115.528569,census,Brawley city
Calexico,CA,32.684859,-115.494738,census,Calexico city
Coachella,CA,33.690380,-116.143128,census,Coachella city
El Centro,CA,32.786351,-115.560206,census,El Centro city
Jacumba,CA,32.636478,-116.190706,census,Jacumba CDP
Thermal,CA,33.626195,-116.130834,census,Thermal CDP
Westmorland,CA,33.038996,-115.622441,census,Westmorland city
Alamosa,CO,37.474528,-105.876956,census,Alamosa city
Atwood,CO,40.550485,-103.274631,census,Atwood CDP
Aurora,CO,39.709537,-104.720509,census,Aurora city
Bennett,CO,39.741727,-104.428719,census,Bennett town
Berthoud,CO,40.284675,-104.965515,census,Berthoud town
Brighton,CO,39.965676,-104.794056,census,Brighton city
Brush,CO,40.259263,-103.636334,census,Brush city
Burlington,CO,39.304169,-102.271412,census,Burlington city
Canon City,CO,38.441886,-105.220899,census,Cañon City city
Colorado City,CO,37.939379,-104.843082,census,Colorado City CDP
Colorado Springs,CO,38.867255,-104.760749,census,Colorado Springs city
Commerce City,CO,39.882792,-104.794908,census,Commerce City city
Cortez,CO,37.349783,-108.576687,census,Cortez city
Craig,CO,40.517060,-107.555396,census,Craig city
Crook,CO,40.858782,-102.801380,census,Crook town
De Beque,CO,39.309989,-108.204999,census,De Beque town
Denver,CO,39.761850,-104.881105,census,Denver city
Dumont,CO,39.764689,-105.600337,nominatim,Dumont
Durango,CO,37.264534,-107.874124,census,Durango city
Eads,CO,38.481648,-102.779823,census,Eads town
Eaton,CO,40.525685,-104.712987,census,Eaton town
Erie,CO,40.040287,-105.038310,census,Erie town
Evans,CO,40.350165,-104.748355,census,Evans city
Fort Collins,CO,40.548216,-105.064833,census,Fort Collins city
Fort Morgan,CO,40.253003,-103.788652,census,Fort Morgan city
Fountain,CO,38.689020,-104.680559,census,Fountain city
Fruita,CO,39.155567,-108.729584,census,Fruita city
Golden,CO,39.742483,-105.210561,census,Golden city
Grand Junction,CO,39.089062,-108.567452,census,Grand Junction city
Greeley,CO,40.414034,-104.771043,census,Greeley city
Hudson,CO,40.091746,-104.593741,census,Hudson town
Johnstown,CO,40.307248,-104.911205,census,Johnstown town
Keenesburg,CO,40.155173,-104.563420,census,Keenesburg town
Kersey,CO,40.395585,-104.578334,census,Kersey town
Kremmling,CO,40.056542,-106.378216,census,Kremmling town
Lamar,CO,38.075971,-102.614723,census,Lamar city
Limon,CO,39.265074,-103.685911,census,Limon town
Longmont,CO,40.168199,-105.100522,census,Longmont city
Mead,CO,40.226999,-104.988323,census,Mead town
Meeker,CO,40.049953,-107.894584,census,Meeker town
Montrose,CO,38.468783,-107.858959,census,Montrose city
Monument,CO,39.074406,-104.844221,census,Monument town
Palisade,CO,39.107931,-108.357330,census,Palisade town
Parachute,CO,39.446642,-108.054907,census,Parachute town
Pueblo,CO,38.269228,-104.610816,census,Pueblo city
Rifle,CO,39.537565,-107.770344,census,Rifle city
Seibert,CO,39.297967,-102.869524,census,Seibert town
Silt,CO,39.547978,-107.652736,census,Silt town
Sterling,CO,40.620487,-103.192582,census,Sterling city
Towaoc,CO,37.212599,-108.726461,census,Towaoc CDP
Trinidad,CO,37.173157,-104.490326,census,Trinidad city
Walsenburg,CO,37.630598,-104.781719,census,Walsenburg city
Watkins,CO,39.698399,-104.577223,census,Watkins CDP
Wellington,CO,40.697652,-105.006255,census,Wellington town
Wheat Ridge,CO,39.772675,-105.104801,census,Wheat Ridge city
Wiggins,CO,40.228945,-104.072806,census,Wiggins town
Windsor,CO,40.478273,-104.915053,census,Windsor town
Wray,CO,40.079920,-102.228597,census,Wray city
Yuma,CO,40.122511,-102.715636,census,Yuma city
Branford,CT,41.279949,-72.785950,census-subdivision,Branford town
Bridgeport,CT,41.187393,-73.195757,census,Bridgeport city
Danbury,CT,41.398741,-73.478103,census,Danbury city
Darien,CT,41.052150,-73.479714,census-subdivision,Darien town
East Granby,CT,41.929718,-72.745384,census-subdivision,East Granby town
East Lyme,CT,41.356068,-72.229843,census-subdivision,East Lyme town
East Windsor,CT,41.904009,-72.564473,census-subdivision,East Windsor town
Hartford,CT,41.765933,-72.681579,census,Hartford city
Madison,CT,41.344478,-72.624542,census-subdivision,Madison town
Milford,CT,41.223644,-73.064556,census,Milford city (balance)
Milldale,CT,41.566137,-72.899967,nominatim,Milldale
New Haven,CT,41.310809,-72.924953,census,New Haven city
North Haven,CT,41.381465,-72.856371,census,North Haven CDP
North Stonington,CT,41.470969,-71.872525,census-subdivision,North Stonington town
Plainfield,CT,41.693613,-71.900776,census-subdivision,Plainfield town
South Windsor,CT,41.838090,-72.577836,census-subdivision,South Windsor town
Waterbury,CT,41.558500,-73.036685,census,Waterbury city
West Haven,CT,41.272121,-72.967497,census,West Haven city
Willington,CT,41.897267,-72.251848,census-subdivision,Willington town
Bridgeville,DE,38.725150,-75.602811,census,Bridgeville town
Felton,DE,39.012443,-75.576357,census,Felton town
Greenwood,DE,38.807163,-75.589996,census,Greenwood town
Laurel,DE,38.571457,-75.571134,census,Laurel town
Middletown,DE,39.443394,-75.717504,census,Middletown town
New Castle,DE,39.670017,-75.566519,census,New Castle city
Newark,DE,39.677649,-75.757479,census,Newark city
Seaford,DE,38.657254,-75.613378,census,Seaford city
Baker,FL,30.797225,-86.681691,nominatim,Baker
Bartow,FL,27.887064,-81.821777,census,Bartow city
Blountstown,FL,30.442850,-85.045401,census,Blountstown city
Bonita Springs,FL,26.355011,-81.784234,census,Bonita Springs city
Boynton Beach,FL,26.528334,-80.080722,census,Boynton Beach city
Bradenton,FL,27.489798,-82.576804,census,Bradenton city
Branford,FL,29.962250,-82.924284,census,Branford town
Brooksville,FL,28.516578,-82.404665,census,Brooksville city
Bushnell,FL,28.690157,-82.117661,census,Bushnell city
Callahan,FL,30.565566,-81.831917,census,Callahan town
Chiefland,FL,29.491791,-82.866119,census,Chiefland city
Clearwater,FL,27.979419,-82.771256,census,Clearwater city
Cocoa,FL,28.376643,-80.763306,census,Cocoa city
Cottondale,FL,30.789730,-85.366039,census,Cottondale town
Dade City,FL,28.352630,-82.194158,census,Dade City city
Davenport,FL,28.161193,-81.610839,census,Davenport city
Defuniak Springs,FL,30.706132,-86.118570,census,DeFuniak Springs city
Ellenton,FL,27.526580,-82.526683,census,Ellenton CDP
Fort Lauderdale,FL,26.141227,-80.146731,census,Fort Lauderdale city
Fort Myers,FL,26.617839,-81.831725,census,Fort Myers city
Fort Pierce,FL,27.426112,-80.342488,census,Fort Pierce city
Gainesville,FL,29.679537,-82.346793,census,Gainesville city
Grand Ridge,FL,30.704252,-85.015205,census,Grand Ridge town
Haines City,FL,28.112817,-81.616537,census,Haines City city
Hastings,FL,29.714390,-81.499154,census,Hastings CDP
Hawthorne,FL,29.593677,-82.094467,census,Hawthorne city
Hialeah,FL,25.869941,-80.302865,census,Hialeah city
Homestead,FL,25.465912,-80.445993,census,Homestead city
Hosford,FL,30.403387,-84.808087,census,Hosford CDP
Hudson,FL,28.359232,-82.689659,census,Hudson CDP
Immokalee,FL,26.424012,-81.421556,census,Immokalee CDP
Jacksonville,FL,30.336864,-81.661603,census,Jacksonville city
Jasper,FL,30.455935,-82.934214,census,Jasper city
Jennings,FL,30.596821,-83.106994,census,Jennings town
Jupiter,FL,26.918551,-80.116940,census,Jupiter town
Kissimmee,FL,28.302780,-81.417831,census,Kissimmee city
Labelle,FL,26.720952,-81.452477,census,LaBelle city
Lake Butler,FL,30.017687,-82.343360,census,Lake Butler city
Lake City,FL,30.188638,-82.642246,census,Lake City city
Lake Panasoffkee,FL,28.784289,-82.123072,census,Lake Panasoffkee CDP
Lake Placid,FL,27.302605,-81.371476,census,Lake Placid town
Lake Wales,FL,27.920697,-81.599505,census,Lake Wales city
Lakeland,FL,28.055496,-81.954772,census,Lakeland city
Lamont,FL,30.379675,-83.813376,census,Lamont CDP
Land O Lakes,FL,28.208307,-82.445842,census,Land O' Lakes CDP
Lawtey,FL,30.048440,-82.072478,census,Lawtey city
Lecanto,FL,28.825093,-82.499790,census,Lecanto CDP
Lee,FL,30.413101,-83.304142,census,Lee town
Leesburg,FL,28.717206,-81.903089,census,Leesburg city
Live Oak,FL,30.295650,-82.985117,census,Live Oak city
Macclenny,FL,30.280699,-82.125634,census,Macclenny city
Madison,FL,30.471487,-83.413453,census,Madison city
Marathon,FL,24.732338,-81.025122,census,Marathon city
Marianna,FL,30.794456,-85.228410,census,Marianna city
Mascotte,FL,28.605189,-81.905977,census,Mascotte city
Mc Alpin,FL,,,unmatched,
Miami,FL,25.775163,-80.208615,census,Miami city
Middleburg,FL,30.050226,-81.901075,census,Middleburg CDP
Midway,FL,30.502715,-84.460593,census,Midway city
Milton,FL,30.629636,-87.051407,census,Milton city
Mims,FL,28.691319,-80.843999,census,Mims CDP
Moore Haven,FL,26.833752,-81.098451,census,Moore Haven city
Nokomis,FL,27.123799,-82.435785,census,Nokomis CDP
North Fort Myers,FL,26.717956,-81.845811,census,North Fort Myers CDP
Ocala,FL,29.177510,-82.151025,census,Ocala city
Okeechobee,FL,27.241608,-80.829311,census,Okeechobee city
Opa Locka,FL,25.899998,-80.255219,census,Opa-locka city
Orlando,FL,28.472818,-81.320242,census,Orlando city
Ormond Beach,FL,29.293276,-81.101447,census,Ormond Beach city
Palatka,FL,29.650107,-81.671878,census,Palatka city
Palm Bay,FL,27.954802,-80.664962,census,Palm Bay city
Palmetto,FL,27.525050,-82.574964,census,Palmetto city
Panama City,FL,30.239496,-85.530292,census,Panama City city
Pensacola,FL,30.440989,-87.191242,census,Pensacola city
Perry,FL,30.109053,-83.582275,census,Perry city
Pierson,FL,29.241647,-81.456640,census,Pierson town
Plant City,FL,28.015355,-82.117805,census,Plant City city
Polk City,FL,28.180471,-81.830032,census,Polk City town
Pompano Beach,FL,26.241622,-80.133851,census,Pompano Beach city
Punta Gorda,FL,26.897754,-82.065812,census,Punta Gorda city
Reddick,FL,29.368698,-82.197561,census,Reddick town
Saint Augustine,FL,29.896152,-81.311128,census,St. Augustine city
Saint Johns,FL,,,unmatched,
San Antonio,FL,28.339858,-82.278605,census,San Antonio city
Sebring,FL,27.471396,-81.451568,census,Sebring city
Seffner,FL,28.001639,-82.274077,census,Seffner CDP
South Bay,FL,26.688379,-80.735526,census,South Bay city
Summerfield,FL,29.008592,-82.034809,nominatim,Summerfield
Tallahassee,FL,30.453529,-84.252272,census,Tallahassee city
Tampa,FL,27.970086,-82.479673,census,Tampa city
Vero Beach,FL,27.647220,-80.393136,census,Vero Beach city
Waldo,FL,29.792038,-82.166931,census,Waldo city
Webster,FL,28.613131,-82.051298,census,Webster city
West Palm Beach,FL,26.745114,-80.127038,census,West Palm Beach city
Wildwood,FL,28.805813,-82.007324,census,Wildwood city
Winter Garden,FL,28.541217,-81.597043,census,Winter Garden city
Youngstown,FL,30.364363,-85.438257,nominatim,Youngstown
Yulee,FL,30.635418,-81.569584,census,Yulee CDP
Zellwood,FL,28.721898,-81.573234,census,Zellwood CDP
ALBANY,GA,31.578117,-84.176224,census,Albany city
Acworth,GA,34.061991,-84.681121,census,Acworth city
Adairsville,GA,34.371431,-84.921567,census,Adairsville city
Adel,GA,31.124800,-83.425485,census,Adel city
Albany,GA,31.578117,-84.176224,census,Albany city
Alma,GA,31.543336,-82.475542,census,Alma city
Alpharetta,GA,34.070866,-84.272650,census,Alpharetta city
Americus,GA,32.074377,-84.222829,census,Americus city
Athens,GA,33.949597,-83.370088,census,Athens-Clarke County unified government (balance)
Atlanta,GA,33.762909,-84.422675,census,Atlanta city
Attapulgus,GA,30.749490,-84.483886,census,Attapulgus city
Augusta,GA,33.365531,-82.073422,census,Augusta-Richmond County consolidated government (balance)
Bainbridge,GA,30.904933,-84.573047,census,Bainbridge city
Baxley,GA,31.764753,-82.349254,census,Baxley city
Bethlehem,GA,33.937948,-83.709982,census,Bethlehem town
Blackshear,GA,31.290828,-82.252927,census,Blackshear city
Bloomingdale,GA,32.124998,-81.308387,census,Bloomingdale city
Blythe,GA,33.303066,-82.207357,census,Blythe city
Braselton,GA,34.107616,-83.812908,census,Braselton town
Bremen,GA,33.710765,-85.151897,census,Bremen city
Brunswick,GA,31.136149,-81.466936,census,Brunswick city
Buena Vista,GA,32.318481,-84.517564,census,Buena Vista city
Byron,GA,32.649497,-83.747954,census,Byron city
Cairo,GA,30.879229,-84.205505,census,Cairo city
Calhoun,GA,34.499792,-84.933058,census,Calhoun city
Camilla,GA,31.234057,-84.209563,census,Camilla city
Carnesville,GA,34.376645,-83.234687,census,Carnesville city
Cartersville,GA,34.164579,-84.801704,census,Cartersville city
Chatsworth,GA,34.779500,-84.786518,census,Chatsworth city
Clarkesville,GA,34.609289,-83.527470,census,Clarkesville city
Columbus,GA,32.510191,-84.874946,census,Columbus city
Commerce,GA,34.214298,-83.475713,census,Commerce city
Conley,GA,33.642273,-84.334334,census,Conley CDP
Cordele,GA,31.956090,-83.770077,census,Cordele city
Crawfordville,GA,33.554641,-82.896695,census,Crawfordville city
Cusseta,GA,32.347445,-84.788021,census,Cusseta-Chattahoochee County unified government
Cuthbert,GA,31.770686,-84.793575,census,Cuthbert city
Dacula,GA,33.981938,-83.901064,census,Dacula city
Dalton,GA,34.767898,-84.972812,census,Dalton city
Darien,GA,31.343489,-81.424103,census,Darien city
Dawson,GA,31.771864,-84.443499,census,Dawson city
Dawsonville,GA,34.433651,-84.124449,census,Dawsonville city
Donalsonville,GA,31.039691,-84.878424,census,Donalsonville city
Douglas,GA,31.506114,-82.854335,census,Douglas city
Dublin,GA,32.535471,-82.928807,census,Dublin city
Dudley,GA,32.533480,-83.083619,census,Dudley city
East Dublin,GA,32.546925,-82.866967,census,East Dublin city
Eatonton,GA,33.325821,-83.388862,census,Eatonton city
Elberton,GA,34.104921,-82.872760,census,Elberton city
Ellabell,GA,32.123537,-81.485667,nominatim,Ellabell
Ellenwood,GA,33.610110,-84.287978,nominatim,Ellenwood
Emerson,GA,34.131182,-84.745362,census,Emerson city
Fairburn,GA,33.547753,-84.587277,census,Fairburn city
Folkston,GA,30.839068,-82.007342,census,Folkston city
Forest Park,GA,33.620543,-84.358181,census,Forest Park city
Forsyth,GA,33.039361,-83.934443,census,Forsyth city
Fort Valley,GA,32.551114,-83.879939,census,Fort Valley city
Fortson,GA,33.377891,-84.288812,nominatim,Fortson
Gainesville,GA,34.290100,-83.829106,census,Gainesville city
Gordon,GA,32.886187,-83.333588,census,Gordon city
Greensboro,GA,33.563569,-83.189093,census,Greensboro city
Griffin,GA,33.243188,-84.271861,census,Griffin city
Grovetown,GA,33.449769,-82.207966,census,Grovetown city
Guyton,GA,32.332270,-81.390385,census,Guyton city
Hahira,GA,30.992155,-83.377258,census,Hahira city
Hampton,GA,33.377704,-84.298974,census,Hampton city
Harlem,GA,33.435349,-82.316065,census,Harlem city
Hawkinsville,GA,32.301182,-83.478856,census,Hawkinsville city
Hazlehurst,GA,31.864128,-82.599276,census,Hazlehurst city
Hephzibah,GA,33.292300,-82.095732,census,Hephzibah city
Hogansville,GA,33.166986,-84.902788,census,Hogansville city
Homerville,GA,31.038226,-82.742081,census,Homerville city
Jackson,GA,33.292359,-83.967846,census,Jackson city
Jasper,GA,34.466199,-84.435863,census,Jasper city
Jefferson,GA,34.136239,-83.602157,census,Jefferson city
Jeffersonville,GA,32.686289,-83.342676,census,Jeffersonville city
Jesup,GA,31.594574,-81.895699,census,Jesup city
Kingsland,GA,30.846097,-81.790911,census,Kingsland city
Lagrange,GA,33.026980,-85.038261,census,LaGrange city
Lake Park,GA,30.685560,-83.187704,census,Lake Park city
Leesburg,GA,31.732058,-84.168546,census,Leesburg city
Lithia Springs,GA,33.782487,-84.648488,census,Lithia Springs CDP
Lithonia,GA,33.712954,-84.106200,census,Lithonia city
Louisville,GA,32.992865,-82.397188,census,Louisville city
Lula,GA,34.398088,-83.661905,census,Lula city
Lumber City,GA,31.933052,-82.683197,census,Lumber City city
Macon,GA,32.808990,-83.694060,census-prefix,Macon-Bibb County
Madison,GA,33.579038,-83.475971,census,Madison city
Marietta,GA,33.953561,-84.542463,census,Marietta city
Mcdonough,GA,33.439611,-84.148899,census,McDonough city
Metter,GA,32.394510,-82.062432,census,Metter city
Midland,GA,32.574861,-84.827152,nominatim,Midland
Midway,GA,31.801003,-81.416664,census,Midway city
Millen,GA,32.806892,-81.942039,census,Millen city
Monroe,GA,33.797481,-83.718728,census,Monroe city
Moultrie,GA,31.179430,-83.790786,census,Moultrie city
Newnan,GA,33.375833,-84.777324,census,Newnan city
Ocilla,GA,31.598633,-83.249809,census,Ocilla city
Palmetto,GA,33.536004,-84.673860,census,Palmetto city
Pelham,GA,31.126639,-84.151459,census,Pelham city
Perry,GA,32.473708,-83.727809,census,Perry city
Pinehurst,GA,32.196212,-83.759519,census,Pinehurst city
Pooler,GA,32.105635,-81.256032,census,Pooler city
Port Wentworth,GA,32.192015,-81.205725,census,Port Wentworth city
Pulaski,GA,32.390651,-81.953437,census,Pulaski town
Rabun Gap,GA,34.957214,-83.386454,nominatim,Rabun Gap
Register,GA,32.364530,-81.880493,census,Register town
Resaca,GA,34.579365,-84.943824,census,Resaca town
Richland,GA,32.088762,-84.662001,census,Richland city
Richmond Hill,GA,31.900191,-81.310077,census,Richmond Hill city
Rincon,GA,32.294690,-81.235348,census,Rincon city
Ringgold,GA,34.913616,-85.121393,census,Ringgold city
Rising Fawn,GA,34.760079,-85.531076,nominatim,Rising Fawn
Rockmart,GA,34.008306,-85.044978,census,Rockmart city
Rome,GA,34.266133,-85.186052,census,Rome city
Saint Marys,GA,30.756672,-81.578449,census,St. Marys city
Savannah,GA,32.012457,-81.194157,census,Savannah city
Soperton,GA,32.378268,-82.594019,census,Soperton city
Statesboro,GA,32.437726,-81.775637,census,Statesboro city
Stone Mountain,GA,33.804187,-84.171420,census,Stone Mountain city
Surrency,GA,31.721916,-82.197823,census,Surrency town
Sycamore,GA,31.671652,-83.635525,census,Sycamore city
Sylvania,GA,32.747226,-81.640693,census,Sylvania city
Tallapoosa,GA,33.736656,-85.287358,census,Tallapoosa city
Taylorsville,GA,34.085129,-84.985629,census,Taylorsville town
Temple,GA,33.733245,-85.027295,census,Temple city
Tennille,GA,32.936618,-82.812071,census,Tennille city
Thomasville,GA,30.839422,-83.978781,census,Thomasville city
Thomson,GA,33.469270,-82.495116,census,Thomson city
Tifton,GA,31.462099,-83.520499,census,Tifton city
Twin City,GA,32.582227,-82.159379,census,Twin City city
Union Point,GA,33.618816,-83.075036,census,Union Point city
Valdosta,GA,30.850126,-83.278833,census,Valdosta city
Vidalia,GA,32.212079,-82.402187,census,Vidalia city
Vienna,GA,32.092747,-83.786839,census,Vienna city
Villa Rica,GA,33.728365,-84.916662,census,Villa Rica city
Waco,GA,33.702175,-85.189755,census,Waco city
Wadley,GA,32.864790,-82.402802,census,Wadley city
Warrenton,GA,33.407657,-82.665124,census,Warrenton city
Waycross,GA,31.211006,-82.357658,census,Waycross city
Waynesboro,GA,33.091279,-82.014290,census,Waynesboro city
West Point,GA,32.898518,-85.141499,census,West Point city
Whitesburg,GA,33.492068,-84.914300,census,Whitesburg city
Wildwood,GA,34.966937,-85.421501,census,Wildwood CDP
Willacoochee,GA,31.335094,-83.044003,census,Willacoochee city
Woodbine,GA,30.959855,-81.718098,census,Woodbine city
Wrens,GA,33.207434,-82.387583,census,Wrens city
Wrightsville,GA,32.726812,-82.719072,census,Wrightsville city
Zebulon,GA,33.090996,-84.339467,census,Zebulon city
Ainsworth,IA,41.290050,-91.554266,census,Ainsworth city
Algona,IA,43.076345,-94.231746,census,Algona city
Altoona,IA,41.650639,-93.480018,census,Altoona city
Ames,IA,42.026327,-93.621264,census,Ames city
Anamosa,IA,42.108825,-91.275205,census,Anamosa city
Ankeny,IA,41.731281,-93.601074,census,Ankeny city
Atalissa,IA,41.571687,-91.166454,census,Atalissa city
Audubon,IA,41.718019,-94.928372,census,Audubon city
Avoca,IA,41.482816,-95.337261,census,Avoca city
Batavia,IA,40.994954,-92.167346,census,Batavia city
Bettendorf,IA,41.566796,-90.476798,census,Bettendorf city
Bevington,IA,41.359945,-93.784239,census,Bevington city
Bondurant,IA,41.696987,-93.451486,census,Bondurant city
Brooklyn,IA,41.731470,-92.444886,census,Brooklyn city
Calmar,IA,43.181104,-91.867965,census,Calmar city
Carroll,IA,42.070359,-94.864643,census,Carroll city
Cedar Falls,IA,42.519070,-92.454009,census,Cedar Falls city
Cedar Rapids,IA,41.964190,-91.679170,census,Cedar Rapids city
Center Point,IA,42.183811,-91.780478,census,Center Point city
Centerville,IA,40.729839,-92.872033,census,Centerville city
Chariton,IA,41.017447,-93.309629,census,Chariton city
Charles City,IA,43.064760,-92.674457,census,Charles City city
Clarence,IA,41.885751,-91.057925,census,Clarence city
Clear Lake,IA,43.135090,-93.373651,census,Clear Lake city
Clinton,IA,41.842365,-90.242816,census,Clinton city
Clive,IA,41.613586,-93.799124,census,Clive city
Colfax,IA,41.679795,-93.236279,census,Colfax city
Coralville,IA,41.698795,-91.596800,census,Coralville city
Correctionville,IA,42.477592,-95.783158,census,Correctionville city
Council Bluffs,IA,41.236585,-95.852805,census,Council Bluffs city
Cresco,IA,43.371746,-92.116287,census,Cresco city
Creston,IA,41.060314,-94.364727,census,Creston city
Davenport,IA,41.556820,-90.603948,census,Davenport city
De Soto,IA,41.537777,-94.009953,census,De Soto city
De Witt,IA,41.824264,-90.538127,nominatim,DeWitt
Decorah,IA,43.301618,-91.784750,census,Decorah city
Delaware,IA,42.472106,-91.338269,census,Delaware city
Denison,IA,42.015886,-95.352404,census,Denison city
Denver,IA,42.668220,-92.333942,census,Denver city
Des Moines,IA,41.572590,-93.610243,census,Des Moines city
Dows,IA,42.658364,-93.502041,census,Dows city
Dubuque,IA,42.498901,-90.707258,census,Dubuque city
Duncombe,IA,42.469788,-93.996792,census,Duncombe city
Early,IA,42.461098,-95.152411,census,Early city
Eddyville,IA,41.159335,-92.630333,census,Eddyville city
Ellsworth,IA,42.310239,-93.581877,census,Ellsworth city
Emmetsburg,IA,43.114798,-94.679579,census,Emmetsburg city
Estherville,IA,43.399735,-94.834216,census,Estherville city
Evansdale,IA,42.465698,-92.269402,census,Evansdale city
Floyd,IA,43.128185,-92.739944,census,Floyd city
Forest City,IA,43.257083,-93.636556,census,Forest City city
Fort Dodge,IA,42.509863,-94.175675,census,Fort Dodge city
Fort Madison,IA,40.621463,-91.346257,census,Fort Madison city
Garner,IA,43.099971,-93.603118,census,Garner city
Greene,IA,42.896506,-92.803538,census,Greene city
Grinnell,IA,41.735236,-92.724902,census,Grinnell city
Guttenberg,IA,42.788556,-91.108775,census,Guttenberg city
Hampton,IA,42.741989,-93.204992,census,Hampton city
Hinton,IA,42.622790,-96.298150,census,Hinton city
Holland,IA,42.400127,-92.798835,census,Holland city
Holstein,IA,42.487149,-95.542877,census,Holstein city
Huxley,IA,41.896045,-93.592499,census,Huxley city
Independence,IA,42.462193,-91.903152,census,Independence city
Iowa City,IA,41.655654,-91.530863,census,Iowa City city
Iowa Falls,IA,42.519170,-93.267284,census,Iowa Falls city
Janesville,IA,42.645805,-92.462397,census,Janesville city
Jefferson,IA,42.017743,-94.379422,census,Jefferson city
Latimer,IA,42.762921,-93.365518,census,Latimer city
Le Mars,IA,42.781514,-96.173311,census,Le Mars city
Lime Springs,IA,43.449899,-92.284064,census,Lime Springs city
Manchester,IA,42.485339,-91.456086,census,Manchester city
Manning,IA,41.909630,-95.064442,census,Manning city
Manson,IA,42.528638,-94.540064,census,Manson city
Maquoketa,IA,42.060530,-90.663862,census,Maquoketa city
Marcus,IA,42.822401,-95.806842,census,Marcus city
Marion,IA,42.044596,-91.586160,census,Marion city
Marshalltown,IA,42.034300,-92.906266,census,Marshalltown city
Mason City,IA,43.147762,-93.200403,census,Mason City city
Mediapolis,IA,41.007901,-91.163705,census,Mediapolis city
Milford,IA,43.341717,-95.145709,census,Milford city
Minden,IA,41.469409,-95.543198,census,Minden city
Missouri Valley,IA,41.559319,-95.902635,census,Missouri Valley city
Monona,IA,43.049843,-91.391056,census,Monona city
Monroe,IA,41.518945,-93.103739,census,Monroe city
Monticello,IA,42.230425,-91.185925,census,Monticello city
Mount Ayr,IA,40.714071,-94.237225,census,Mount Ayr city
Mount Pleasant,IA,40.962205,-91.547162,census,Mount Pleasant city
Muscatine,IA,41.419058,-91.067946,census,Muscatine city
Neola,IA,41.451904,-95.618914,census,Neola city
Nevada,IA,42.017499,-93.469669,census,Nevada city
New Hampton,IA,43.056219,-92.314725,census,New Hampton city
New Virginia,IA,41.181764,-93.731070,census,New Virginia city
Newton,IA,41.696337,-93.040512,census,Newton city
North Liberty,IA,41.743619,-91.611179,census,North Liberty city
Northwood,IA,43.444091,-93.215969,census,Northwood city
Odebolt,IA,42.311842,-95.254378,census,Odebolt city
Oelwein,IA,42.671581,-91.912787,census,Oelwein city
Onawa,IA,42.026476,-96.090917,census,Onawa city
Osceola,IA,41.034955,-93.786603,census,Osceola city
Ottumwa,IA,41.022251,-92.423263,census,Ottumwa city
Pacific Junction,IA,41.017975,-95.799453,census,Pacific Junction city
Parkersburg,IA,42.573851,-92.778450,census,Parkersburg city
Pella,IA,41.404715,-92.917412,census,Pella city
Peosta,IA,42.447214,-90.841426,census,Peosta city
Percival,IA,40.751269,-95.813266,census,Percival CDP
Perry,IA,41.837907,-94.093255,census,Perry city
Polk City,IA,41.781886,-93.722758,census,Polk City city
Postville,IA,43.084381,-91.567791,census,Postville city
Red Oak,IA,41.014130,-95.224371,census,Red Oak city
Riverside,IA,41.483235,-91.572195,census,Riverside city
Rock Rapids,IA,43.427899,-96.166347,census,Rock Rapids city
Rockwell City,IA,42.398125,-94.628870,census,Rockwell City city
Sheffield,IA,42.888782,-93.207168,census,Sheffield city
Shelby,IA,41.505133,-95.449353,census,Shelby city
Sheldon,IA,43.179596,-95.843346,census,Sheldon city
Sibley,IA,43.401476,-95.743031,census,Sibley city
Sigourney,IA,41.333974,-92.204448,census,Sigourney city
Sioux Center,IA,43.076147,-96.171108,census,Sioux Center city
Sioux City,IA,42.495380,-96.389495,census,Sioux City city
Sloan,IA,42.233062,-96.224830,census,Sloan city
Spencer,IA,43.147025,-95.152691,census,Spencer city
Spirit Lake,IA,43.416659,-95.113071,census,Spirit Lake city
Storm Lake,IA,42.642951,-95.196463,census,Storm Lake city
Story City,IA,42.185743,-93.586885,census,Story City city
Stuart,IA,41.500464,-94.318105,census,Stuart city
Tama,IA,41.965123,-92.573799,census,Tama city
Tiffin,IA,41.705183,-91.653593,census,Tiffin city
Tipton,IA,41.770121,-91.128281,census,Tipton city
Toledo,IA,41.990174,-92.580342,census,Toledo city
Underwood,IA,41.380243,-95.682510,census,Underwood city
Urbana,IA,42.229835,-91.885511,census,Urbana city
Urbandale,IA,41.636656,-93.779889,census,Urbandale city
Vinton,IA,42.163106,-92.026206,census,Vinton city
Walcott,IA,41.587319,-90.780518,census,Walcott city
Walnut,IA,41.489453,-95.219669,census,Walnut city
Wapello,IA,41.177222,-91.188991,census,Wapello city
Washington,IA,41.297913,-91.693671,census,Washington city
Waterloo,IA,42.492327,-92.351947,census,Waterloo city
Webster City,IA,42.462423,-93.818201,census,Webster City city
Welton,IA,41.905503,-90.595614,census,Welton city
West Burlington,IA,40.821628,-91.175475,census,West Burlington city
West Liberty,IA,41.572995,-91.262639,census,West Liberty city
Wever,IA,40.705655,-91.228102,census,Wever CDP
Williams,IA,42.489193,-93.541245,census,Williams city
Williamsburg,IA,41.668884,-92.013249,census,Williamsburg city
American Falls,ID,42.782846,-112.854211,census,American Falls city
Blackfoot,ID,43.194595,-112.346811,census,Blackfoot city
Bliss,ID,42.924284,-114.947516,census,Bliss city
Boise,ID,43.598050,-116.231596,census-prefix,Boise City city
Bonners Ferry,ID,48.693374,-116.318360,census,Bonners Ferry city
Caldwell,ID,43.645880,-116.659336,census,Caldwell city
Council,ID,44.733195,-116.436837,census,Council city
Downey,ID,42.428917,-112.123320,census,Downey city
Dubois,ID,44.171161,-112.228278,census,Dubois city
Eden,ID,42.605309,-114.209087,census,Eden city
Fort Hall,ID,43.014547,-112.457870,census,Fort Hall CDP
Franklin,ID,42.009503,-111.802183,census,Franklin city
Fruitland,ID,44.016796,-116.920703,census,Fruitland city
Grangeville,ID,45.925826,-116.121916,census,Grangeville city
Heyburn,ID,42.559982,-113.762067,census,Heyburn city
Idaho Falls,ID,43.489616,-112.035340,census,Idaho Falls city
Jerome,ID,42.717617,-114.515788,census,Jerome city
Lewiston,ID,46.393130,-116.993472,census,Lewiston city
Malad City,ID,42.189909,-112.249688,census,Malad City city
Marsing,ID,43.546360,-116.810422,census,Marsing city
Mccammon,ID,42.648236,-112.189394,census,McCammon city
Montpelier,ID,42.325992,-111.298826,census,Montpelier city
Mountain Home,ID,43.131585,-115.697296,census,Mountain Home city
Nampa,ID,43.586441,-116.563890,census,Nampa city
Pocatello,ID,42.871367,-112.461776,census,Pocatello city
Post Falls,ID,47.725559,-116.944167,census,Post Falls city
Twin Falls,ID,42.563807,-114.460597,census,Twin Falls city
Wilder,ID,43.677492,-116.907579,census,Wilder city
Addison,IL,41.930782,-88.008987,census,Addison village
Alsip,IL,41.670270,-87.737085,census,Alsip village
Altamont,IL,39.056115,-88.746922,census,Altamont city
Annawan,IL,41.396382,-89.890567,census,Annawan town
Atkinson,IL,41.413245,-90.005345,census,Atkinson town
Atlanta,IL,40.263574,-89.230845,census,Atlanta city
Barry,IL,39.698310,-91.039918,census,Barry city
Batavia,IL,41.847692,-88.311047,census,Batavia city
Bedford Park,IL,41.767773,-87.772556,census,Bedford Park village
Bellwood,IL,41.882901,-87.876170,census,Bellwood village
Belvidere,IL,42.265448,-88.887758,census,Belvidere city
Bensenville,IL,41.958011,-87.943825,census,Bensenville village
Benton,IL,38.013187,-88.917281,census,Benton city
Berwyn,IL,41.843333,-87.790926,census,Berwyn city
Bloomingdale,IL,41.951525,-88.089118,census,Bloomingdale village
Bloomington,IL,40.475777,-88.969912,census,Bloomington city
Bolingbrook,IL,41.687466,-88.106215,census,Bolingbrook village
Bourbonnais,IL,41.182491,-87.878677,census,Bourbonnais village
Bridgeview,IL,41.740280,-87.806682,census,Bridgeview village
Brighton,IL,39.040863,-90.140041,census,Brighton village
Burbank,IL,41.744410,-87.768568,census,Burbank city
Carol Stream,IL,41.920346,-88.133223,census,Carol Stream village
Carrollton,IL,39.294493,-90.406894,census,Carrollton city
Casey,IL,39.305417,-87.985309,census,Casey city
Champaign,IL,40.114099,-88.274619,census,Champaign city
Channahon,IL,41.422789,-88.262954,census,Channahon village
Cherry Valley,IL,42.235178,-88.975113,census,Cherry Valley village
Chicago,IL,41.837045,-87.684939,census,Chicago city
Chicago Heights,IL,41.510684,-87.634069,census,Chicago Heights city
Cicero,IL,41.844537,-87.759290,census,Cicero town
Crest Hill,IL,41.574360,-88.113261,census,Crest Hill city
Crete,IL,41.440524,-87.624471,census,Crete village
Crystal Lake,IL,42.233209,-88.334360,census,Crystal Lake city
Decatur,IL,39.855983,-88.933746,census,Decatur city
Dekalb,IL,41.928186,-88.747585,census,DeKalb city
Des Plaines,IL,42.034398,-87.901136,census,Des Plaines city
Divernon,IL,39.570431,-89.653638,census,Divernon village
Dixon,IL,41.843288,-89.477547,census,Dixon city
Downs,IL,40.398775,-88.889199,census,Downs village
Dundee,IL,42.110435,-88.301351,census-subdivision,Dundee township
Dwight,IL,41.098705,-88.422077,census,Dwight village
East Saint Louis,IL,38.616361,-90.130528,census,East St. Louis city
Edwards,IL,40.745870,-89.744270,nominatim,Edwards
Effingham,IL,39.120662,-88.550859,census,Effingham city
El Paso,IL,40.740492,-89.018250,census,El Paso city
Elgin,IL,42.038963,-88.325671,census,Elgin city
Elk Grove Village,IL,42.005271,-87.992348,census,Elk Grove Village village
Elwood,IL,41.418139,-88.117170,census,Elwood village
Fairfield,IL,38.380632,-88.372524,census,Fairfield city
Farina,IL,38.829766,-88.780930,census,Farina village
Farmer City,IL,40.248464,-88.641655,census,Farmer City city
Farmersville,IL,39.440677,-89.652540,census,Farmersville village
Flora,IL,38.665617,-88.473844,census,Flora city
Frankfort,IL,41.507025,-87.870966,census,Frankfort village
Franklin Park,IL,41.935983,-87.879197,census,Franklin Park village
Galatia,IL,37.841977,-88.616482,census,Galatia village
Galesburg,IL,40.950217,-90.376564,census,Galesburg city
Geneseo,IL,41.451252,-90.154844,census,Geneseo city
Gilberts,IL,42.109981,-88.371882,census,Gilberts village
Gilman,IL,40.763498,-88.002080,census,Gilman city
Goodfield,IL,40.630590,-89.258083,census,Goodfield village
Granite City,IL,38.729283,-90.125472,census,Granite City city
Grant Park,IL,41.242747,-87.635847,census,Grant Park village
Grayville,IL,38.255135,-87.996927,census,Grayville city
Greenup,IL,39.247946,-88.160025,census,Greenup village
Greenville,IL,38.886602,-89.389425,census,Greenville city
Gurnee,IL,42.370085,-87.936805,census,Gurnee village
HICKORY HILLS,IL,41.724778,-87.828005,census,Hickory Hills city
HOMER GLEN,IL,41.605179,-87.952373,census,Homer Glen village
Hamel,IL,38.892463,-89.838728,census,Hamel village
Hampshire,IL,42.116614,-88.505165,census,Hampshire village
Hanover Park,IL,41.982485,-88.142870,census,Hanover Park village
Harrisburg,IL,37.737717,-88.545818,census,Harrisburg city
Hartford,IL,38.813086,-90.092073,census,Hartford village
Havana,IL,40.295109,-90.057810,census,Havana city
Henry,IL,41.117367,-89.357282,census,Henry city
Heyworth,IL,40.314356,-88.992276,census,Heyworth village
Hillsdale,IL,41.606921,-90.172821,census,Hillsdale village
Hinsdale,IL,41.800683,-87.928172,census,Hinsdale village
Homer Glen,IL,41.605179,-87.952373,census,Homer Glen village
Hoopeston,IL,40.460824,-87.663572,census,Hoopeston city
Ina,IL,38.149892,-88.904019,census,Ina village
Itasca,IL,41.976616,-88.018775,census,Itasca village
Jacksonville,IL,39.729151,-90.232201,census,Jacksonville city
Joliet,IL,41.516866,-88.147963,census,Joliet city
Kankakee,IL,41.101654,-87.863690,census,Kankakee city
Knoxville,IL,40.906931,-90.285697,census,Knoxville city
La Grange,IL,41.807213,-87.874148,census,La Grange village
La Salle,IL,41.333368,-89.091750,nominatim,LaSalle
Lake Zurich,IL,42.195009,-88.087729,census,Lake Zurich village
Lansing,IL,41.565004,-87.546004,census,Lansing village
Le Roy,IL,40.339371,-88.761098,census,Le Roy city
Lemont,IL,41.667328,-87.984411,census,Lemont village
Lexington,IL,40.646951,-88.784141,census,Lexington city
Libertyville,IL,42.284667,-87.966503,census,Libertyville village
Lincoln,IL,40.150678,-89.370273,census,Lincoln city
Litchfield,IL,39.175963,-89.665482,census,Litchfield city
Lockport,IL,41.591001,-88.029697,census,Lockport city
Lombard,IL,41.873844,-88.015491,census,Lombard village
Loves Park,IL,42.337843,-88.998649,census,Loves Park city
Macomb,IL,40.470149,-90.683114,census,Macomb city
Mahomet,IL,40.190133,-88.389515,census,Mahomet village
Manteno,IL,41.247850,-87.844308,census,Manteno village
Marion,IL,37.734445,-88.941164,census,Marion city
Marshall,IL,39.399532,-87.691168,census,Marshall city
Martinsville,IL,39.338421,-87.880862,census,Martinsville city
Mascoutah,IL,38.518115,-89.800041,census,Mascoutah city
Mattoon,IL,39.477833,-88.362225,census,Mattoon city
Mc Lean,IL,,,unmatched,
Mchenry,IL,42.336204,-88.291651,census,McHenry city
Melrose Park,IL,41.902995,-87.863644,census,Melrose Park village
Mendota,IL,41.556655,-89.100507,census,Mendota city
Metropolis,IL,37.149639,-88.687354,census,Metropolis city
Midlothian,IL,41.625428,-87.724233,census,Midlothian village
Minonk,IL,40.910368,-89.038153,census,Minonk city
Minooka,IL,41.450333,-88.277824,census,Minooka village
Mokena,IL,41.529863,-87.877710,census,Mokena village
Monee,IL,41.417833,-87.749894,census,Monee village
Monmouth,IL,40.914233,-90.643075,census,Monmouth city
Monroe Center,IL,42.099934,-88.994399,census,Monroe Center village
Montgomery,IL,41.721028,-88.358114,census,Montgomery village
Morris,IL,41.380229,-88.424332,census,Morris city
Morrisonville,IL,39.421668,-89.459007,census,Morrisonville village
Morton,IL,40.613730,-89.466800,census,Morton village
Mount Vernon,IL,38.314205,-88.917470,census,Mount Vernon city
Mulberry Grove,IL,38.925269,-89.261955,census,Mulberry Grove village
Naperville,IL,41.749173,-88.162019,census,Naperville city
Nashville,IL,38.344542,-89.390983,census,Nashville city
New Baden,IL,38.536765,-89.707193,census,New Baden village
New Berlin,IL,39.726059,-89.914353,census,New Berlin village
New Lenox,IL,41.510022,-87.970002,census,New Lenox village
Normal,IL,40.520140,-88.992234,census,Normal town
North Chicago,IL,42.316696,-87.859201,census,North Chicago city
Oakwood,IL,40.110126,-87.776925,census,Oakwood village
Oglesby,IL,41.293210,-89.071036,census,Oglesby city
Okawville,IL,38.434417,-89.547978,census,Okawville village
Olney,IL,38.728108,-88.084219,census,Olney city
Oswego,IL,41.683220,-88.338849,census,Oswego village
Ottawa,IL,41.354046,-88.823408,census,Ottawa city
Palatine,IL,42.116467,-88.044361,census,Palatine village
Pana,IL,39.394604,-89.090809,census,Pana city
Pekin,IL,40.568783,-89.624017,census,Pekin city
Peoria,IL,40.751641,-89.617198,census,Peoria city
Peotone,IL,41.330733,-87.796345,census,Peotone village
Peru,IL,41.357929,-89.139390,census,Peru city
Plainfield,IL,41.619669,-88.226924,census,Plainfield village
Plano,IL,41.680691,-88.536225,census,Plano city
Poplar Grove,IL,42.351097,-88.843783,census,Poplar Grove village
Posen,IL,41.629067,-87.685842,census,Posen village
Princeton,IL,41.380554,-89.464081,census,Princeton city
Rantoul,IL,40.302560,-88.154880,census,Rantoul village
Riverdale,IL,41.642695,-87.635640,census,Riverdale village
Riverton,IL,39.846145,-89.536367,census,Riverton village
Rochelle,IL,41.919149,-89.063661,census,Rochelle city
Rockford,IL,42.259300,-89.063478,census,Rockford city
Romeoville,IL,41.627924,-88.101182,census,Romeoville village
Roscoe,IL,42.425559,-89.009455,census,Roscoe village
Round Lake,IL,42.343181,-88.102099,census,Round Lake village
Salem,IL,38.627537,-88.959448,census,Salem city
Schiller Park,IL,41.958626,-87.869317,census,Schiller Park village
Shannon,IL,42.152447,-89.740174,census,Shannon village
South Beloit,IL,42.484842,-89.027433,census,South Beloit city
South Elgin,IL,41.990254,-88.314285,census,South Elgin village
South Holland,IL,41.598372,-87.602736,census,South Holland village
South Pekin,IL,40.495497,-89.652382,census,South Pekin village
Springfield,IL,39.791063,-89.644572,census,Springfield city
Stockton,IL,42.352509,-90.001933,census,Stockton village
Sugar Grove,IL,41.777407,-88.446525,census,Sugar Grove village
Tilton,IL,40.094978,-87.642148,census,Tilton village
Tinley Park,IL,41.568579,-87.804217,census,Tinley Park village
Tonica,IL,41.215870,-89.069956,census,Tonica village
Troy,IL,38.726219,-89.893470,census,Troy city
Tuscola,IL,39.795912,-88.275483,census,Tuscola city
University Park,IL,41.446894,-87.712969,census,University Park village
Utica,IL,41.345599,-88.986337,census-subdivision,Utica township
Vandalia,IL,38.974564,-89.110695,census,Vandalia city
Villa Park,IL,41.885612,-87.978235,census,Villa Park village
Virginia,IL,39.952942,-90.210446,census,Virginia city
Wadsworth,IL,42.450687,-87.925147,census,Wadsworth village
Warrenville,IL,41.820977,-88.187454,census,Warrenville city
Waukegan,IL,42.369447,-87.870898,census,Waukegan city
Wenona,IL,41.048655,-89.052258,census,Wenona city
West Chicago,IL,41.894469,-88.221121,census,West Chicago city
West Frankfort,IL,37.899495,-88.930814,census,West Frankfort city
Williamsville,IL,39.956112,-89.543628,census,Williamsville village
Willow Springs,IL,41.734137,-87.884010,census,Willow Springs village
Wilmington,IL,41.319383,-88.160248,census,Wilmington city
Winnebago,IL,42.267088,-89.233970,census,Winnebago village
Wood Dale,IL,41.966405,-87.980953,census,Wood Dale city
Woodhull,IL,41.178433,-90.322179,census,Woodhull village
Yorkville,IL,41.661736,-88.428596,census,Yorkville city
Angola,IN,41.641058,-85.010985,census,Angola city
Ashley,IN,41.521494,-85.061398,census,Ashley town
Austin,IN,38.740244,-85.810271,census,Austin city
Bloomfield,IN,39.026134,-86.937364,census,Bloomfield town
Bloomington,IN,39.163700,-86.524264,census,Bloomington city
Bluffton,IN,40.743479,-85.172111,census,Bluffton city
Bourbon,IN,41.299394,-86.116852,census,Bourbon town
Brazil,IN,39.522449,-87.124479,census,Brazil city
Bristol,IN,41.712215,-85.830898,census,Bristol town
Butler,IN,41.427148,-84.872266,census,Butler city
Cambridge City,IN,39.812084,-85.170820,census,Cambridge City town
Carlisle,IN,38.960778,-87.401424,census,Carlisle town
Chesterton,IN,41.599822,-87.054996,census,Chesterton town
Cicero,IN,40.121932,-86.034042,census,Cicero town
Clayton,IN,39.688392,-86.521856,census,Clayton town
Cloverdale,IN,39.521221,-86.798689,census,Cloverdale town
Covington,IN,40.140506,-87.391020,census,Covington city
Crawfordsville,IN,40.041092,-86.897682,census,Crawfordsville city
Daleville,IN,40.118872,-85.556247,census,Daleville town
Danville,IN,39.758812,-86.495282,census,Danville town
Decatur,IN,40.828854,-84.927813,census,Decatur city
Demotte,IN,41.199271,-87.195453,census,DeMotte town
Dyer,IN,41.497804,-87.509012,census,Dyer town
Edinburgh,IN,39.351870,-85.963755,census,Edinburgh town
Elkhart,IN,41.692081,-85.962567,census,Elkhart city
Evansville,IN,37.987737,-87.534705,census,Evansville city
Fort Wayne,IN,41.088193,-85.142791,census,Fort Wayne city
Fowler,IN,40.617228,-87.317929,census,Fowler town
Frankfort,IN,40.279635,-86.537856,census,Frankfort city
Fremont,IN,41.727622,-84.938855,census,Fremont town
Gary,IN,41.590740,-87.347113,census,Gary city
Gas City,IN,40.488650,-85.594335,census,Gas City city
Gaston,IN,40.314005,-85.501005,census,Gaston town
Geneva,IN,40.596721,-84.957252,census,Geneva town
Georgetown,IN,38.298796,-85.963055,census,Georgetown town
Goshen,IN,41.573884,-85.829986,census,Goshen city
Greenfield,IN,39.793283,-85.772548,census,Greenfield city
Greensburg,IN,39.351019,-85.501189,census,Greensburg city
Greenwood,IN,39.603372,-86.105227,census,Greenwood city
Grovertown,IN,41.375043,-86.504734,nominatim,Grovertown
Hammond,IN,41.618736,-87.494949,census,Hammond city
Hanna,IN,41.412027,-86.779449,census,Hanna CDP
Haubstadt,IN,38.203242,-87.574735,census,Haubstadt town
Hebron,IN,41.325085,-87.201916,census,Hebron town
Highland,IN,41.546622,-87.457616,census,Highland town
Hobart,IN,41.513530,-87.276399,census,Hobart city
Howe,IN,41.722822,-85.425486,census,Howe CDP
Huntington,IN,40.880825,-85.505497,census,Huntington city
Indianapolis,IN,39.776664,-86.145935,census,Indianapolis city (balance)
Jasper,IN,38.393152,-86.940575,census,Jasper city
Kendallville,IN,41.443361,-85.258154,census,Kendallville city
Knightstown,IN,39.795537,-85.530811,census,Knightstown town
Kokomo,IN,40.465267,-86.127348,census,Kokomo city
La Porte,IN,41.610876,-86.714837,census,La Porte city
Lafayette,IN,40.399410,-86.862806,census,Lafayette city
Lake Station,IN,41.576735,-87.252878,census,Lake Station city
Lake Village,IN,41.130830,-87.439024,census,Lake Village CDP
Lawrenceburg,IN,39.107388,-84.875772,census,Lawrenceburg city
Leavenworth,IN,38.200084,-86.350105,census,Leavenworth town
Lebanon,IN,40.036378,-86.461070,census,Lebanon city
Logansport,IN,40.748067,-86.354722,census,Logansport city
Madison,IN,38.758829,-85.397135,census,Madison city
Marion,IN,40.549986,-85.660420,census,Marion city
Martinsville,IN,39.414711,-86.431699,census,Martinsville city
Medaryville,IN,41.080356,-86.890549,census,Medaryville town
Memphis,IN,38.494822,-85.767036,census,Memphis CDP
Merrillville,IN,41.472687,-87.318070,census,Merrillville town
Michigan City,IN,41.708776,-86.866875,census,Michigan City city
Middlebury,IN,41.670559,-85.708679,census,Middlebury town
Mitchell,IN,38.737092,-86.475220,census,Mitchell city
Monon,IN,40.864228,-86.878624,census,Monon town
Mooresville,IN,39.602494,-86.368715,census,Mooresville town
Muncie,IN,40.198826,-85.395059,census,Muncie city
New Haven,IN,41.067905,-85.016282,census,New Haven city
New Paris,IN,41.501906,-85.825507,census,New Paris CDP
North Vernon,IN,39.014854,-85.630055,census,North Vernon city
Pendleton,IN,40.008509,-85.760809,census,Pendleton town
Peru,IN,40.758651,-86.070561,census,Peru city
Pierceton,IN,41.199266,-85.703116,census,Pierceton town
Pittsboro,IN,39.871141,-86.465499,census,Pittsboro town
Plainfield,IN,39.693052,-86.373662,census,Plainfield town
Plymouth,IN,41.348770,-86.319336,census,Plymouth city
Portage,IN,41.588490,-87.179456,census,Portage city
Remington,IN,40.769405,-87.129724,census,Remington town
Rensselaer,IN,40.950515,-87.153295,census,Rensselaer city
Richmond,IN,39.832086,-84.890917,census,Richmond city
Rochester,IN,41.060392,-86.198313,census,Rochester city
Rockport,IN,37.889918,-87.054244,census,Rockport city
Rolling Prairie,IN,41.674467,-86.619898,census,Rolling Prairie CDP
SOUTH BEND,IN,41.676643,-86.268809,census,South Bend city
Saint Croix,IN,38.223953,-86.586339,nominatim,Saint Croix
Saint Paul,IN,39.428152,-85.628713,census,St. Paul town
Seymour,IN,38.946847,-85.889180,census,Seymour city
Shelbyville,IN,39.546597,-85.776841,census,Shelbyville city
South Bend,IN,41.676643,-86.268809,census,South Bend city
Spiceland,IN,39.843224,-85.426028,census,Spiceland town
Straughn,IN,39.808384,-85.290842,census,Straughn town
Taylorsville,IN,39.296476,-85.950274,census,Taylorsville CDP
Terre Haute,IN,39.464152,-87.376036,census,Terre Haute city
Tipton,IN,40.282484,-86.043208,census,Tipton city
Valparaiso,IN,41.479812,-87.052273,census,Valparaiso city
Vincennes,IN,38.676621,-87.509956,census,Vincennes city
Wanatah,IN,41.430561,-86.892347,census,Wanatah town
Warren,IN,40.687688,-85.424650,census,Warren town
Washington,IN,38.658226,-87.160361,census,Washington city
Waterloo,IN,41.437398,-85.051661,census,Waterloo town
West Lafayette,IN,40.443707,-86.923616,census,West Lafayette city
Westville,IN,41.537547,-86.904942,census,Westville town
Whiteland,IN,39.555138,-86.074352,census,Whiteland town
Whitestown,IN,39.971672,-86.371739,census,Whitestown town
Winamac,IN,41.053501,-86.603678,census,Winamac town
Woodburn,IN,41.128114,-84.850513,census,Woodburn city
Yorktown,IN,40.181891,-85.508155,census,Yorktown town
Abilene,KS,38.924503,-97.228004,census,Abilene city
Alma,KS,39.015681,-96.287096,census,Alma city
Atchison,KS,39.562552,-95.136611,census,Atchison city
Belle Plaine,KS,37.393428,-97.279548,census,Belle Plaine city
Belleville,KS,39.824337,-97.633855,census,Belleville city
Beloit,KS,39.464698,-98.108340,census,Beloit city
Bunker Hill,KS,38.875298,-98.698938,census,Bunker Hill city
Chanute,KS,37.669661,-95.464162,census,Chanute city
Cherryvale,KS,37.269148,-95.553354,census,Cherryvale city
Clay Center,KS,39.381182,-97.127372,census,Clay Center city
Coffeyville,KS,37.032717,-95.651580,census,Coffeyville city
Colby,KS,39.384348,-101.045090,census,Colby city
Concordia,KS,39.566870,-97.646785,census,Concordia city
Cunningham,KS,37.644623,-98.431130,census,Cunningham city
Dodge City,KS,37.760670,-100.017863,census,Dodge City city
Douglass,KS,37.516944,-97.010425,census,Douglass city
Edgerton,KS,38.769314,-94.965141,census,Edgerton city
El Dorado,KS,37.820429,-96.862979,census,El Dorado city
Ellis,KS,38.934654,-99.556791,census,Ellis city
Ellsworth,KS,38.733875,-98.228017,census,Ellsworth city
Emporia,KS,38.401860,-96.191654,census,Emporia city
Fairview,KS,39.839579,-95.728101,census,Fairview city
Florence,KS,38.243075,-96.929155,census,Florence city
Fort Scott,KS,37.828000,-94.704141,census,Fort Scott city
Fredonia,KS,37.533095,-95.822348,census,Fredonia city
Garden City,KS,37.975876,-100.850884,census,Garden City city
Gardner,KS,38.808984,-94.920564,census,Gardner city
Garnett,KS,38.285873,-95.241231,census,Garnett city
Goodland,KS,39.348512,-101.713819,census,Goodland city
Hanover,KS,39.893170,-96.875067,census,Hanover city
Hays,KS,38.882156,-99.321975,census,Hays city
Hesston,KS,38.140083,-97.426970,census,Hesston city
Hiawatha,KS,39.851661,-95.537789,census,Hiawatha city
Holcomb,KS,37.985983,-100.993619,census,Holcomb city
Hugoton,KS,37.174510,-101.344544,census,Hugoton city
Iola,KS,37.928176,-95.400097,census,Iola city
Johnson,KS,38.341083,-100.138413,census-subdivision,Johnson township
Junction City,KS,39.027220,-96.852271,census,Junction City city
Kansas City,KS,39.122539,-94.741781,census,Kansas City city
Lakin,KS,37.940016,-101.258444,census,Lakin city
Lawrence,KS,38.959551,-95.265468,census,Lawrence city
Lebo,KS,38.416179,-95.862482,census,Lebo city
Lenexa,KS,38.965268,-94.803937,census,Lenexa city
Leon,KS,37.689517,-96.783833,census,Leon city
Liberal,KS,37.046108,-100.927706,census,Liberal city
Maple Hill,KS,39.085423,-96.028015,census,Maple Hill city
Marysville,KS,39.843690,-96.638878,census,Marysville city
Matfield Green,KS,38.159651,-96.562014,census,Matfield Green city
Mcpherson,KS,38.369881,-97.664518,census,McPherson city
Meade,KS,37.283612,-100.343022,census,Meade city
Medicine Lodge,KS,37.285137,-98.581185,census,Medicine Lodge city
Moran,KS,37.916542,-95.171429,census,Moran city
Mullinville,KS,37.588574,-99.475560,census,Mullinville city
Newton,KS,38.037683,-97.345018,census,Newton city
Norton,KS,39.836219,-99.891596,census,Norton city
Oakley,KS,39.123486,-100.845153,census,Oakley city
Oberlin,KS,39.823040,-100.530737,census,Oberlin city
Olathe,KS,38.882031,-94.820054,census,Olathe city
Ottawa,KS,38.598191,-95.262773,census,Ottawa city
Overbrook,KS,38.779367,-95.556967,census,Overbrook city
Parsons,KS,37.334013,-95.264998,census,Parsons city
Phillipsburg,KS,39.751215,-99.320973,census,Phillipsburg city
Pleasanton,KS,38.177877,-94.705328,census,Pleasanton city
Powhattan,KS,39.761734,-95.634011,census,Powhattan city
Pratt,KS,37.698576,-98.765936,census,Pratt city
Prescott,KS,38.063122,-94.692512,census,Prescott city
Russell,KS,38.887455,-98.851392,census,Russell city
Sabetha,KS,39.910228,-95.792832,census,Sabetha city
Saint Marys,KS,39.194178,-96.064198,census,St. Marys city
Salina,KS,38.813085,-97.614477,census,Salina city
Scott City,KS,38.478872,-100.903053,census,Scott City city
Seneca,KS,39.837998,-96.069608,census,Seneca city
Severy,KS,37.621955,-96.227525,census,Severy city
Smith Center,KS,39.773939,-98.783474,census,Smith Center city
South Haven,KS,37.049495,-97.401264,census,South Haven city
South Hutchinson,KS,38.023082,-97.944845,census,South Hutchinson city
Spearville,KS,37.848067,-99.754714,census,Spearville city
Strong City,KS,38.395431,-96.536666,census,Strong City city
Sublette,KS,37.482179,-100.846563,census,Sublette city
Tecumseh,KS,39.034955,-95.579650,census,Tecumseh CDP
Tonganoxie,KS,39.107890,-95.079090,census,Tonganoxie city
Topeka,KS,39.034673,-95.696191,census,Topeka city
Tribune,KS,38.472037,-101.754525,census,Tribune city
Ulysses,KS,37.577342,-101.354864,census,Ulysses city
Wakeeney,KS,39.023449,-99.881455,census,WaKeeney city
Washington,KS,39.815798,-97.048422,census,Washington city
Wathena,KS,39.761058,-94.927518,census,Wathena city
Wellington,KS,37.278109,-97.406672,census,Wellington city
Wellsville,KS,38.717662,-95.077862,census,Wellsville city
Wichita,KS,37.690638,-97.345836,census,Wichita city
Albany,KY,36.690546,-85.135489,census,Albany city
Ashland,KY,38.459492,-82.645081,census,Ashland city
Bardstown,KY,37.817665,-85.455345,census,Bardstown city
Beaver Dam,KY,37.403758,-86.873606,census,Beaver Dam city
Benton,KY,36.848003,-88.361650,census,Benton city
Berea,KY,37.589296,-84.294502,census,Berea city
Bowling Green,KY,36.976832,-86.433661,census,Bowling Green city
Calvert City,KY,37.046422,-88.395537,census,Calvert City city
Campbellsville,KY,37.343920,-85.352238,census,Campbellsville city
Caneyville,KY,37.422980,-86.499732,census,Caneyville city
Catlettsburg,KY,38.417041,-82.603017,census,Catlettsburg city
Columbia,KY,37.103437,-85.307537,census,Columbia city
Corbin,KY,36.931584,-84.100790,census,Corbin city
East Bernstadt,KY,37.192677,-84.129211,census,East Bernstadt CDP
Elizabethtown,KY,37.703738,-85.879869,census,Elizabethtown city
Florence,KY,38.993405,-84.648186,census,Florence city
Frankfort,KY,38.194966,-84.865877,census,Frankfort city
Franklin,KY,36.718029,-86.557576,census,Franklin city
Georgetown,KY,38.260181,-84.534921,census,Georgetown city
Glencoe,KY,38.724990,-84.823276,census,Glencoe city
Glendale,KY,37.601728,-85.905519,nominatim,Glendale
Grayson,KY,38.333895,-82.935811,census,Grayson city
Greenup,KY,38.566502,-82.823620,census,Greenup city
Hanson,KY,37.418006,-87.478957,census,Hanson city
Henderson,KY,37.838416,-87.580971,census,Henderson city
Hopkinsville,KY,36.839284,-87.473544,census,Hopkinsville city
Horse Cave,KY,37.169892,-85.917188,census,Horse Cave city
Isom,KY,37.187876,-82.898772,nominatim,Isom
Kuttawa,KY,37.060467,-88.114389,census,Kuttawa city
Lebanon Junction,KY,37.835239,-85.722355,census,Lebanon Junction city
Lewisport,KY,37.930668,-86.902816,census,Lewisport city
Lexington,KY,38.040678,-84.458272,census,Lexington-Fayette urban county
London,KY,37.116776,-84.076349,census,London city
Louisville,KY,38.165376,-85.647377,census,Louisville/Jefferson County metro government (balance)
Madisonville,KY,37.339333,-87.503733,census,Madisonville city
Mayfield,KY,36.737459,-88.644491,census,Mayfield city
Maysville,KY,38.650015,-83.792961,census,Maysville city
Middlesboro,KY,36.607297,-83.714332,nominatim,Middlesboro
Morehead,KY,38.190026,-83.449072,census,Morehead city
Morgantown,KY,37.217410,-86.700155,census,Morgantown city
Mortons Gap,KY,37.240706,-87.464606,census,Mortons Gap city
Mount Sterling,KY,38.065465,-83.948822,census,Mount Sterling city
Mount Vernon,KY,37.357071,-84.332869,census,Mount Vernon city
Murray,KY,36.614202,-88.322075,census,Murray city
Nicholasville,KY,37.891636,-84.566024,census,Nicholasville city
Oak Grove,KY,36.673774,-87.422506,census,Oak Grove city
Owensboro,KY,37.757172,-87.117398,census,Owensboro city
Paducah,KY,37.070892,-88.644477,census,Paducah city
Pendleton,KY,38.462288,-85.303568,nominatim,Pendleton
Richmond,KY,37.729145,-84.299364,census,Richmond city
Russell Springs,KY,37.050696,-85.080481,census,Russell Springs city
Russellville,KY,36.839518,-86.895579,census,Russellville city
Sadieville,KY,38.387768,-84.551346,census,Sadieville city
Scottsville,KY,36.749261,-86.207621,census,Scottsville city
Shepherdsville,KY,37.981425,-85.702007,census,Shepherdsville city
Simpsonville,KY,38.215248,-85.346854,census,Simpsonville city
Smiths Grove,KY,37.050205,-86.208076,census,Smiths Grove city
Somerset,KY,37.086473,-84.605350,census,Somerset city
Sonora,KY,37.525398,-85.898315,census,Sonora city
Sparta,KY,38.695435,-84.906136,census,Sparta city
Tollesboro,KY,38.559520,-83.576026,nominatim,Tollesboro
Vanceburg,KY,38.594531,-83.323614,census,Vanceburg city
Waddy,KY,38.137015,-85.074398,nominatim,Waddy
Walton,KY,38.862427,-84.615043,census,Walton city
Williamsburg,KY,36.738714,-84.165651,census,Williamsburg city
Willisburg,KY,37.810316,-85.119581,census,Willisburg city
Winchester,KY,38.002364,-84.190586,census,Winchester city
Alexandria,LA,31.293449,-92.470189,census,Alexandria city
Amite,LA,30.732164,-90.515286,census-prefix,Amite City town
Arcadia,LA,32.550848,-92.921373,census,Arcadia town
Baton Rouge,LA,30.442174,-91.130894,census,Baton Rouge city
Belle Chasse,LA,29.858697,-90.003290,census,Belle Chasse CDP
Belle Rose,LA,30.042205,-91.049721,census,Belle Rose CDP
Berwick,LA,29.700548,-91.235184,census,Berwick town
Bethany,LA,32.373768,-94.037965,nominatim,Bethany
Bossier City,LA,32.523674,-93.655426,census,Bossier City city
Boyce,LA,31.389895,-92.670374,census,Boyce town
Breaux Bridge,LA,30.283099,-91.905919,census,Breaux Bridge city
Broussard,LA,30.137444,-91.955830,census,Broussard city
Bunkie,LA,30.953661,-92.188111,census,Bunkie city
Calhoun,LA,32.515309,-92.353926,census,Calhoun CDP
Chalmette,LA,29.944015,-89.966005,census,Chalmette CDP
Convent,LA,30.015211,-90.820234,census,Convent CDP
Coushatta,LA,32.025834,-93.340597,census,Coushatta town
Crowley,LA,30.217897,-92.374840,census,Crowley city
Cut Off,LA,29.516283,-90.329714,census,Cut Off CDP
Delcambre,LA,29.951114,-91.991710,census,Delcambre town
Delhi,LA,32.452843,-91.489976,census,Delhi town
Delta,LA,32.322201,-90.958549,census,Delta village
Denham Springs,LA,30.474329,-90.959027,census,Denham Springs city
Duson,LA,30.238360,-92.189070,census,Duson town
Egan,LA,30.245515,-92.511594,census,Egan CDP
Eunice,LA,30.490429,-92.419064,census,Eunice city
Farmerville,LA,32.775105,-92.400519,census,Farmerville town
Franklin,LA,29.784946,-91.509567,census,Franklin city
Frierson,LA,32.246949,-93.686859,census,Frierson CDP
Galliano,LA,29.445857,-90.307745,census,Galliano CDP
Garyville,LA,30.065727,-90.634729,census,Garyville CDP
Gonzales,LA,30.212739,-90.922402,census,Gonzales city
Gramercy,LA,30.061999,-90.693926,census,Gramercy town
Grand Coteau,LA,30.420237,-92.043790,census,Grand Coteau town
Gray,LA,29.678003,-90.783138,census,Gray CDP
Greensburg,LA,30.829640,-90.669859,census,Greensburg town
Greenwood,LA,32.431470,-93.959889,census,Greenwood town
Grosse Tete,LA,30.415418,-91.439400,census,Grosse Tete village
Hammond,LA,30.505650,-90.456493,census,Hammond city
Haughton,LA,32.527609,-93.504172,census,Haughton town
Hosston,LA,32.886080,-93.882689,census,Hosston village
Houma,LA,29.578681,-90.708023,census,Houma city
Ida,LA,32.998902,-93.896379,census,Ida village
Iowa,LA,30.241367,-93.013028,census,Iowa town
Jennings,LA,30.223978,-92.658295,census,Jennings city
Jonesville,LA,31.622318,-91.834430,census,Jonesville town
Kenner,LA,30.010227,-90.254820,census,Kenner city
Kentwood,LA,30.933755,-90.515162,census,Kentwood town
La Place,LA,,,unmatched,
Lafayette,LA,30.205600,-92.028058,census,Lafayette city
Lake Charles,LA,30.199020,-93.210835,census,Lake Charles city
Larose,LA,29.565196,-90.376167,census,Larose CDP
Leesville,LA,31.141120,-93.284230,census,Leesville city
Livingston,LA,30.495289,-90.746698,census,Livingston town
Mansfield,LA,32.035341,-93.699665,census,Mansfield city
Mansura,LA,31.067324,-92.052825,census,Mansura town
Marrero,LA,29.885726,-90.113221,census,Marrero CDP
Mathews,LA,29.682154,-90.555900,census,Mathews CDP
Minden,LA,32.619146,-93.272754,census,Minden city
Monroe,LA,32.518986,-92.077180,census,Monroe city
Morgan City,LA,29.710332,-91.191542,census,Morgan City city
Natchitoches,LA,31.734775,-93.100942,census,Natchitoches city
New Iberia,LA,30.005493,-91.820307,census,New Iberia city
New Orleans,LA,30.053420,-89.934502,census,New Orleans city
Oakdale,LA,30.816418,-92.655855,census,Oakdale city
Opelousas,LA,30.524897,-92.081654,census,Opelousas city
Pearl River,LA,30.371353,-89.750359,census,Pearl River town
Plaquemine,LA,30.283156,-91.243812,census,Plaquemine city
Port Allen,LA,30.443835,-91.207410,census,Port Allen city
Port Barre,LA,30.555523,-91.955962,census,Port Barre town
Raceland,LA,29.723489,-90.629751,census,Raceland CDP
Rayne,LA,30.240513,-92.267335,census,Rayne city
Rayville,LA,32.470982,-91.757449,census,Rayville town
Reserve,LA,30.072962,-90.555022,census,Reserve CDP
Roanoke,LA,30.235526,-92.748141,census,Roanoke CDP
Ruston,LA,32.532986,-92.635327,census,Ruston city
Saint Francisville,LA,30.784234,-91.376417,census,St. Francisville town
Saint Gabriel,LA,30.255202,-91.100363,census,St. Gabriel city
Saint James,LA,30.018643,-90.850881,census,St. James CDP
Saint Martinville,LA,30.127002,-91.831118,census,St. Martinville city
Saint Rose,LA,29.963475,-90.307893,census,St. Rose CDP
Schriever,LA,29.728672,-90.835398,census,Schriever CDP
Shreveport,LA,32.466879,-93.792193,census,Shreveport city
Slidell,LA,30.288913,-89.782926,census,Slidell city
Sorrento,LA,30.183623,-90.866567,census,Sorrento town
Springhill,LA,33.001934,-93.461511,census,Springhill city
Starks,LA,30.310462,-93.666698,census,Starks CDP
Sulphur,LA,30.229792,-93.356343,census,Sulphur city
Tallulah,LA,32.406696,-91.191700,census,Tallulah city
Thibodaux,LA,29.794874,-90.814578,census,Thibodaux city
Vidalia,LA,31.566751,-91.440444,census,Vidalia town
Ville Platte,LA,30.689858,-92.274165,census,Ville Platte city
Vinton,LA,30.195435,-93.582246,census,Vinton town
Vivian,LA,32.871072,-93.986249,census,Vivian town
West Monroe,LA,32.512341,-92.151068,census,West Monroe city
Westwego,LA,29.905363,-90.143545,census,Westwego city
Winnfield,LA,31.923969,-92.642475,census,Winnfield city
Adams,MA,42.629085,-73.118747,census,Adams CDP
Ayer,MA,42.562221,-71.584844,census,Ayer CDP
Berlin,MA,42.384929,-71.633889,census-subdivision,Berlin town
Blandford,MA,42.175006,-72.923862,census,Blandford CDP
Boylston,MA,42.355049,-71.716157,census-subdivision,Boylston town
Bridgewater,MA,41.972376,-70.978773,census-prefix,Bridgewater Town city
Charlton,MA,42.133935,-71.968025,census-subdivision,Charlton town
Chicopee,MA,42.177586,-72.570189,census,Chicopee city
Fall River,MA,41.725351,-71.094162,census,Fall River city
Framingham,MA,42.307905,-71.436196,census,Framingham city
Lancaster,MA,42.483569,-71.675585,census-subdivision,Lancaster town
Lee,MA,42.306836,-73.250736,census,Lee CDP
Leominster,MA,42.520876,-71.770611,census,Leominster city
Lexington,MA,42.445222,-71.230015,census,Lexington CDP
Ludlow,MA,42.183577,-72.457812,census-subdivision,Ludlow town
Methuen,MA,42.742641,-71.178651,census,Methuen city
Millbury,MA,42.192246,-71.777649,census-subdivision,Millbury town
Natick,MA,42.284822,-71.348811,census-subdivision,Natick town
Newton Lower Falls,MA,42.325800,-71.256341,nominatim,Newton Lower Falls
North Billerica,MA,42.585262,-71.287764,nominatim,North Billerica
North Oxford,MA,42.150095,-71.868405,nominatim,North Oxford
Norwood,MA,42.187364,-71.195971,census,Norwood CDP
Orange,MA,42.605437,-72.292074,census,Orange CDP
Peabody,MA,42.534310,-70.969443,census,Peabody city
Plymouth,MA,41.958343,-70.663800,census,Plymouth CDP
Salisbury,MA,42.831098,-70.847109,census,Salisbury CDP
Seekonk,MA,41.839798,-71.318047,census-subdivision,Seekonk town
Shrewsbury,MA,42.284767,-71.714228,census-subdivision,Shrewsbury town
Springfield,MA,42.115454,-72.539978,census,Springfield city
Sturbridge,MA,42.097106,-72.054995,census,Sturbridge CDP
Sutton,MA,42.132049,-71.750322,census-subdivision,Sutton town
Uxbridge,MA,42.061166,-71.643628,census-subdivision,Uxbridge town
Westborough,MA,42.267441,-71.617492,census,Westborough CDP
Westminster,MA,42.554598,-71.905441,census-subdivision,Westminster town
Whately,MA,42.430995,-72.642437,census-subdivision,Whately town
Wrentham,MA,42.052671,-71.356858,census-subdivision,Wrentham town
Brandon,MB,49.851114,-99.960892,nominatim,Brandon
Dugald,MB,49.885717,-96.842823,nominatim,Dugald
Headingley,MB,49.868087,-97.391052,nominatim,Rural Municipality of Headingley
Portage La Prairie,MB,49.972422,-98.289185,nominatim,Portage la Prairie
Ste Agathe,MB,49.566815,-97.182039,nominatim,Sainte Agathe
Winnipeg,MB,49.895537,-97.138458,nominatim,Winnipeg
Aberdeen,MD,39.516403,-76.174518,census,Aberdeen city
Accident,MD,39.625688,-79.319958,census,Accident town
Baltimore,MD,39.300032,-76.610476,census,Baltimore city
Beltsville,MD,39.039903,-76.920443,census,Beltsville CDP
Big Pool,MD,39.625094,-78.016168,census,Big Pool CDP
Bladensburg,MD,38.942368,-76.925910,census,Bladensburg town
Brandywine,MD,38.682077,-76.885314,census,Brandywine CDP
Capitol Heights,MD,38.876679,-76.907559,census,Capitol Heights town
Centreville,MD,39.042265,-76.062538,census,Centreville town
Clinton,MD,38.750917,-76.902669,census,Clinton CDP
Cumberland,MD,39.651739,-78.757948,census,Cumberland city
Curtis Bay,MD,39.225219,-76.590031,nominatim,Curtis Bay
Denton,MD,38.879421,-75.824452,census,Denton town
Dundalk,MD,39.266824,-76.496531,census,Dundalk CDP
Edgewood,MD,39.420290,-76.296846,census,Edgewood CDP
Elkridge,MD,39.195483,-76.741082,census,Elkridge CDP
Elkton,MD,39.605776,-75.821686,census,Elkton town
Emmitsburg,MD,39.705192,-77.321301,census,Emmitsburg town
Frederick,MD,39.436891,-77.411952,census,Frederick city
Gaithersburg,MD,39.148601,-77.195131,census,Gaithersburg city
Glen Burnie,MD,39.156271,-76.606996,census,Glen Burnie CDP
Grantsville,MD,39.696916,-79.152849,census,Grantsville town
Hagerstown,MD,39.637986,-77.723252,census,Hagerstown city
Hancock,MD,39.704574,-78.163265,census,Hancock town
Hunt Valley,MD,39.492261,-76.658953,nominatim,Hunt Valley
Hurlock,MD,38.625714,-75.867185,census,Hurlock town
Hyattsville,MD,38.961205,-76.954935,census,Hyattsville city
Jessup,MD,39.149094,-76.776388,census,Jessup CDP
Mardela Springs,MD,38.457629,-75.755482,census,Mardela Springs town
Middle River,MD,39.339519,-76.428702,census,Middle River CDP
Millersville,MD,39.059554,-76.648022,nominatim,Millersville
Newburg,MD,38.377348,-76.953305,nominatim,Newburg
North East,MD,39.608037,-75.941655,census,North East town
Nottingham,MD,39.363996,-76.452184,nominatim,Nottingham
Perryville,MD,39.572968,-76.064923,census,Perryville town
Rockville,MD,39.083666,-77.155585,census,Rockville city
Salisbury,MD,38.375198,-75.586555,census,Salisbury city
Thurmont,MD,39.619976,-77.407695,census,Thurmont town
Upper Marlboro,MD,38.816495,-76.753670,census,Upper Marlboro town
Waldorf,MD,38.609172,-76.919776,census,Waldorf CDP
Walkersville,MD,39.474323,-77.363352,census,Walkersville town
Westover,MD,38.124011,-75.706317,nominatim,Westover
White Marsh,MD,39.381546,-76.458420,census,White Marsh CDP
Williamsport,MD,39.597350,-77.817972,census,Williamsport town
Auburn,ME,44.084537,-70.249649,census,Auburn city
Augusta,ME,44.334904,-69.734199,census,Augusta city
Baileyville,ME,45.182325,-67.441681,census-subdivision,Baileyville town
Bangor,ME,44.829625,-68.788767,census,Bangor city
Biddeford,ME,43.438733,-70.392943,census,Biddeford city
Brownville,ME,45.356518,-69.017524,census-subdivision,Brownville town
Canaan,ME,44.782176,-69.546316,census-subdivision,Canaan town
Corinna,ME,44.922741,-69.265852,census,Corinna CDP
Corinth,ME,44.980473,-69.010748,census-subdivision,Corinth town
Dover Foxcroft,ME,45.205071,-69.223215,census,Dover-Foxcroft CDP
Fairfield,ME,44.590339,-69.605215,census,Fairfield CDP
Farmington,ME,44.668373,-70.144039,census,Farmington CDP
Greenville,ME,45.466113,-69.577856,census,Greenville CDP
Holden,ME,44.761837,-68.675967,census-subdivision,Holden town
Houlton,ME,46.121447,-67.832210,census,Houlton CDP
Kittery,ME,43.089985,-70.738321,census,Kittery CDP
Liberty,ME,44.369093,-69.336000,census-subdivision,Liberty town
Lincoln,ME,45.362677,-68.501730,census,Lincoln CDP
Medway,ME,45.642403,-68.478671,census-subdivision,Medway town
Newport,ME,44.836429,-69.254846,census,Newport CDP
Portland,ME,43.633157,-70.185305,census,Portland city
Princeton,ME,45.144593,-67.526972,census-subdivision,Princeton town
Richmond,ME,44.099038,-69.809567,census,Richmond CDP
Scarborough,ME,43.571203,-70.334170,census-subdivision,Scarborough town
Sherman,ME,45.890013,-68.359345,census-subdivision,Sherman town
Skowhegan,ME,44.778149,-69.712196,census,Skowhegan CDP
Turner,ME,44.257811,-70.257865,census,Turner CDP
Warren,ME,44.128010,-69.243885,census-subdivision,Warren town
West Paris,ME,44.319278,-70.522647,census-subdivision,West Paris town
Adrian,MI,41.898780,-84.044829,census,Adrian city
Albion,MI,42.247855,-84.759191,census,Albion city
Alma,MI,43.380336,-84.654445,census,Alma city
Battle Creek,MI,42.299176,-85.229267,census,Battle Creek city
Bay City,MI,43.590062,-83.888421,census,Bay City city
Belleville,MI,42.201917,-83.482812,census,Belleville city
Benton Harbor,MI,42.113495,-86.447250,census,Benton Harbor city
Bessemer,MI,46.477579,-90.049836,census,Bessemer city
Big Rapids,MI,43.699671,-85.481250,census,Big Rapids city
Bridgeport,MI,43.370815,-83.881964,census,Bridgeport CDP
Bridgman,MI,41.935169,-86.567110,census,Bridgman city
Burton,MI,43.000745,-83.618151,census,Burton city
Byron Center,MI,42.809460,-85.726365,census,Byron Center CDP
Cadillac,MI,44.245940,-85.431125,census,Cadillac city
Caledonia,MI,42.794743,-85.517100,census,Caledonia village
Canton,MI,42.307655,-83.486896,nominatim,Canton Township
Capac,MI,43.003889,-82.922280,census,Capac village
Caro,MI,43.489303,-83.401744,census,Caro city
Casco,MI,42.459559,-86.198229,census-subdivision,Casco township
Cedar Springs,MI,43.220424,-85.554367,census,Cedar Springs city
Champion,MI,46.633833,-87.839560,census-subdivision,Champion township
Clare,MI,43.826006,-84.761755,census,Clare city
Coopersville,MI,43.065467,-85.933752,census,Coopersville city
Dearborn,MI,42.313057,-83.211488,census,Dearborn city
Detroit,MI,42.383037,-83.102237,census,Detroit city
Dewitt,MI,42.838828,-84.583837,census,DeWitt city
Dexter,MI,42.332256,-83.881027,census,Dexter city
Dundee,MI,41.966485,-83.669417,census,Dundee village
Eagle,MI,42.809794,-84.790890,census,Eagle village
Escanaba,MI,45.746289,-87.083605,census,Escanaba city
Fenton,MI,42.800606,-83.717708,census,Fenton city
Flint,MI,43.024420,-83.691971,census,Flint city
Fowlerville,MI,42.659380,-84.073743,census,Fowlerville village
Gaylord,MI,45.018978,-84.680907,census,Gaylord city
Grand Blanc,MI,42.932537,-83.620491,census,Grand Blanc city
Grand Haven,MI,43.054969,-86.219349,census,Grand Haven city
Grand Ledge,MI,42.752927,-84.744901,census,Grand Ledge city
Grand Rapids,MI,42.961156,-85.655570,census,Grand Rapids city
Grayling,MI,44.657960,-84.711067,census,Grayling city
Gwinn,MI,46.285373,-87.441915,census,Gwinn CDP
Hart,MI,43.696618,-86.367269,census,Hart city
Holland,MI,42.767049,-86.098572,census,Holland city
Holly,MI,42.798799,-83.622967,census,Holly village
Houghton Lake,MI,44.301067,-84.749865,census,Houghton Lake CDP
Howard City,MI,43.393266,-85.466107,census,Howard City village
Hudsonville,MI,42.863370,-85.862205,census,Hudsonville city
Imlay City,MI,43.017052,-83.077098,census,Imlay City city
Ionia,MI,42.976821,-85.074633,census,Ionia city
Iron Mountain,MI,45.826888,-88.059435,census,Iron Mountain city
Ironwood,MI,46.452209,-90.150432,census,Ironwood city
Ithaca,MI,43.291094,-84.595673,census,Ithaca city
Jackson,MI,42.243441,-84.404858,census,Jackson city
Kalamazoo,MI,42.275163,-85.588501,census,Kalamazoo city
Lake Odessa,MI,42.782920,-85.137538,census,Lake Odessa village
Lansing,MI,42.714341,-84.560889,census,Lansing city
Lapeer,MI,43.045127,-83.326746,census,Lapeer city
Lennon,MI,42.985440,-83.932530,census,Lennon village
Lincoln Park,MI,42.243291,-83.181258,census,Lincoln Park city
Livonia,MI,42.397183,-83.372319,census,Livonia city
Lowell,MI,42.934600,-85.346219,census,Lowell city
Luna Pier,MI,41.803255,-83.442482,census,Luna Pier city
Manistique,MI,45.959744,-86.250953,census,Manistique city
Marlette,MI,43.326439,-83.080519,census,Marlette city
Marquette,MI,46.550698,-87.395833,census,Marquette city
Marshall,MI,42.265201,-84.974241,census,Marshall city
Mattawan,MI,42.215635,-85.795760,census,Mattawan village
Memphis,MI,42.895234,-82.768258,census,Memphis city
Middleton,MI,43.183366,-84.708889,nominatim,Middleton
Milan,MI,42.081347,-83.684793,census,Milan city
Monroe,MI,41.916586,-83.384324,census,Monroe city
Mount Morris,MI,43.117664,-83.698729,census,Mount Morris city
Mount Pleasant,MI,43.596710,-84.775972,census,Mount Pleasant city
Muskegon,MI,43.226540,-86.257247,census,Muskegon city
New Baltimore,MI,42.685306,-82.737649,census,New Baltimore city
New Boston,MI,42.162541,-83.402989,nominatim,New Boston
Newberry,MI,46.353821,-85.509804,census,Newberry village
Newport,MI,42.002267,-83.308542,nominatim,Newport
Niles,MI,41.834539,-86.247851,census,Niles city
Ottawa Lake,MI,41.764152,-83.749387,nominatim,Ottawa Lake
Parma,MI,42.265443,-84.548989,census,Parma village
Paw Paw,MI,42.214235,-85.892177,census,Paw Paw village
Perry,MI,42.832030,-84.220112,census,Perry city
Pinconning,MI,43.857719,-83.964138,census,Pinconning city
Port Huron,MI,42.993766,-82.433743,census,Port Huron city
Portland,MI,42.869794,-84.898930,census,Portland city
Rapid River,MI,45.926394,-86.974284,census,Rapid River CDP
Redford,MI,42.383370,-83.296597,nominatim,Redford
Reed City,MI,43.872754,-85.507006,census,Reed City city
Riverview,MI,42.173456,-83.198380,census,Riverview city
Rockford,MI,43.136975,-85.554519,census,Rockford city
Romulus,MI,42.223649,-83.366036,census,Romulus city
Roseville,MI,42.507586,-82.936582,census,Roseville city
Saginaw,MI,43.417678,-83.954716,census,Saginaw city
Saint Clair,MI,42.826530,-82.492433,census,St. Clair city
Saint Ignace,MI,45.887164,-84.731707,census,St. Ignace city
Sault Sainte Marie,MI,46.476169,-84.370544,census,Sault Ste. Marie city
Sawyer,MI,41.885321,-86.589467,nominatim,Sawyer
Scottville,MI,43.951101,-86.279816,census,Scottville city
Smiths Creek,MI,42.913919,-82.603808,nominatim,Smiths Creek
Stephenson,MI,45.413734,-87.609107,census,Stephenson city
Taylor,MI,42.225283,-83.267691,census,Taylor city
Tekonsha,MI,42.097365,-84.991924,census,Tekonsha village
Three Rivers,MI,41.945386,-85.629548,census,Three Rivers city
Traverse City,MI,44.754309,-85.603011,census,Traverse City city
Trenton,MI,42.140058,-83.192914,census,Trenton city
Wakefield,MI,46.476904,-89.933430,census,Wakefield city
Warren,MI,42.492904,-83.025001,census,Warren city
Wayland,MI,42.673081,-85.641727,census,Wayland city
Wellston,MI,44.222689,-85.968132,census,Wellston CDP
West Branch,MI,44.273789,-84.236589,census,West Branch city
White Pigeon,MI,41.795234,-85.650406,census,White Pigeon village
Whitmore Lake,MI,42.420281,-83.752134,census,Whitmore Lake CDP
Wixom,MI,42.522781,-83.530188,census,Wixom city
Wyoming,MI,42.890317,-85.706733,census,Wyoming city
Adrian,MN,43.633560,-95.932804,census,Adrian city
Albert Lea,MN,43.654293,-93.364148,census,Albert Lea city
Alden,MN,43.667463,-93.569885,census,Alden city
Alexandria,MN,45.877178,-95.376965,census,Alexandria city
Andover,MN,45.252420,-93.337402,census,Andover city
Anoka,MN,45.214398,-93.391638,census,Anoka city
Appleton,MN,45.199475,-96.022226,census,Appleton city
Austin,MN,43.672098,-92.977863,census,Austin city
Belle Plaine,MN,44.619780,-93.764595,census,Belle Plaine city
Bemidji,MN,47.487034,-94.882690,census,Bemidji city
Blue Earth,MN,43.640994,-94.100339,census,Blue Earth city
Brainerd,MN,46.355269,-94.198372,census,Brainerd city
Buffalo,MN,45.179510,-93.863995,census,Buffalo city
Byron,MN,44.038344,-92.640823,census,Byron city
Caledonia,MN,43.634127,-91.500399,census,Caledonia city
Cambridge,MN,45.560772,-93.227702,census,Cambridge city
Carlton,MN,46.655769,-92.430397,census,Carlton city
Chatfield,MN,43.844464,-92.182851,census,Chatfield city
Chisago City,MN,45.372274,-92.916665,census,Chisago City city
Circle Pines,MN,45.143748,-93.147517,census,Circle Pines city
Clara City,MN,44.957438,-95.367668,census,Clara City city
Clearwater,MN,45.409879,-94.044560,census,Clearwater city
Cloquet,MN,46.725070,-92.501330,census,Cloquet city
Cohasset,MN,47.242447,-93.664230,census,Cohasset city
Cokato,MN,45.076721,-94.187548,census,Cokato city
DUNDAS,MN,44.427691,-93.203790,census,Dundas city
Dakota,MN,43.911548,-91.361362,census,Dakota city
Delano,MN,45.038533,-93.793102,census,Delano city
Detroit Lakes,MN,46.807582,-95.846612,census,Detroit Lakes city
Duluth,MN,46.774458,-92.134135,census,Duluth city
Elk River,MN,45.332212,-93.566528,census,Elk River city
Ellendale,MN,43.872721,-93.299331,census,Ellendale city
Erskine,MN,47.663163,-96.016683,census,Erskine city
Eyota,MN,43.988310,-92.232124,census,Eyota city
Fairmont,MN,43.644789,-94.464015,census,Fairmont city
Faribault,MN,44.299709,-93.278946,census,Faribault city
Fergus Falls,MN,46.285017,-96.076110,census,Fergus Falls city
Forest Lake,MN,45.250831,-92.966920,census,Forest Lake city
Gaylord,MN,44.555770,-94.213222,census,Gaylord city
Glencoe,MN,44.769566,-94.151027,census,Glencoe city
Glyndon,MN,46.870987,-96.578411,census,Glyndon city
Hastings,MN,44.731780,-92.854512,census,Hastings city
Heron Lake,MN,43.798059,-95.319778,census,Heron Lake city
Hinckley,MN,46.013033,-92.912722,census,Hinckley city
Hugo,MN,45.164225,-92.960105,census,Hugo city
Hutchinson,MN,44.885358,-94.376876,census,Hutchinson city
International Falls,MN,48.586353,-93.407743,census,International Falls city
Inver Grove Heights,MN,44.829015,-93.060072,census,Inver Grove Heights city
Isanti,MN,45.491545,-93.242818,census,Isanti city
Ivanhoe,MN,44.464282,-96.251729,census,Ivanhoe city
Jackson,MN,43.625680,-94.988585,census,Jackson city
Janesville,MN,44.119846,-93.709698,census,Janesville city
Kasson,MN,44.033174,-92.748578,census,Kasson city
Kimball,MN,45.314330,-94.300807,census,Kimball city
Lake City,MN,44.445705,-92.280925,census,Lake City city
Lake Park,MN,46.883760,-96.097961,census,Lake Park city
Lakeville,MN,44.676134,-93.251743,census,Lakeville city
Little Falls,MN,45.985557,-94.359676,census,Little Falls city
Luverne,MN,43.653542,-96.214185,census,Luverne city
Mankato,MN,44.171126,-93.975048,census,Mankato city
Melrose,MN,45.677008,-94.814774,census,Melrose city
Milaca,MN,45.758035,-93.651565,census,Milaca city
Minneapolis,MN,44.963324,-93.268320,census,Minneapolis city
Minnesota City,MN,44.092347,-91.749679,census,Minnesota City city
Moose Lake,MN,46.450299,-92.760955,census,Moose Lake city
Mora,MN,45.876981,-93.290284,census,Mora city
Motley,MN,46.334754,-94.642772,census,Motley city
Mountain Lake,MN,43.942382,-94.925361,census,Mountain Lake city
New Prague,MN,44.545738,-93.575585,census,New Prague city
New Ulm,MN,44.312067,-94.468896,census,New Ulm city
New York Mills,MN,46.519630,-95.372780,census,New York Mills city
North Branch,MN,45.509885,-92.955655,census,North Branch city
Northfield,MN,44.455645,-93.170311,census,Northfield city
Norwood Young America,MN,44.772107,-93.917287,census,Norwood Young America city
Ogilvie,MN,45.829828,-93.423042,census,Ogilvie city
Oronoco,MN,44.158446,-92.539194,census,Oronoco city
Ortonville,MN,45.302445,-96.442223,census,Ortonville city
Owatonna,MN,44.091904,-93.231715,census,Owatonna city
Park Rapids,MN,46.916394,-95.057932,census,Park Rapids city
Paynesville,MN,45.378519,-94.721592,census,Paynesville city
Perham,MN,46.599611,-95.577104,census,Perham city
Pillager,MN,46.330621,-94.477351,census,Pillager city
Pine City,MN,45.840980,-92.966492,census,Pine City city
Pipestone,MN,43.995916,-96.311080,census,Pipestone city
Plainview,MN,44.164687,-92.169190,census,Plainview city
Princeton,MN,45.568215,-93.590254,census,Princeton city
Randall,MN,46.088667,-94.500718,census,Randall city
Red Wing,MN,44.581265,-92.605011,census,Red Wing city
Redwood Falls,MN,44.547125,-95.102637,census,Redwood Falls city
Rochester,MN,44.014299,-92.478592,census,Rochester city
Rogers,MN,45.183850,-93.571669,census,Rogers city
Roseau,MN,48.844462,-95.762434,census,Roseau city
Rothsay,MN,46.473091,-96.284242,census,Rothsay city
Rush City,MN,45.687442,-92.965303,census,Rush City city
Rushford,MN,43.813437,-91.753828,census,Rushford city
Saint Charles,MN,43.968774,-92.059860,census,St. Charles city
Saint Cloud,MN,45.526658,-94.171007,census,St. Cloud city
Saint James,MN,43.983362,-94.625392,census,St. James city
Saint Joseph,MN,45.565070,-94.302070,census,St. Joseph city
Saint Michael,MN,45.199238,-93.689526,census,St. Michael city
Saint Paul,MN,44.948901,-93.104063,census,St. Paul city
Saint Peter,MN,44.329282,-93.967656,census,St. Peter city
Sauk Centre,MN,45.736472,-94.952729,census,Sauk Centre city
Sauk Rapids,MN,45.594724,-94.152747,census,Sauk Rapids city
Savage,MN,44.759057,-93.364213,census,Savage city
Shakopee,MN,44.771906,-93.475699,census,Shakopee city
Sherburn,MN,43.654900,-94.727489,census,Sherburn city
Slayton,MN,43.990229,-95.758371,census,Slayton city
Sleepy Eye,MN,44.298945,-94.723594,census,Sleepy Eye city
South Saint Paul,MN,44.888027,-93.040497,census,South St. Paul city
Stacy,MN,45.423044,-92.970320,census,Stacy city
Stewart,MN,44.723772,-94.486595,census,Stewart city
Stewartville,MN,43.860791,-92.489986,census,Stewartville city
Stillwater,MN,45.058606,-92.830408,census,Stillwater city
Thief River Falls,MN,48.111241,-96.177562,census,Thief River Falls city
Truman,MN,43.827872,-94.436569,census,Truman city
Two Harbors,MN,47.029954,-91.675744,census,Two Harbors city
Waconia,MN,44.841530,-93.790092,census,Waconia city
Waite Park,MN,45.520868,-94.242983,census,Waite Park city
Wanamingo,MN,44.302775,-92.787281,census,Wanamingo city
Willmar,MN,45.121029,-95.058734,census,Willmar city
Windom,MN,43.873552,-95.119136,census,Windom city
Worthington,MN,43.628733,-95.599702,census,Worthington city
Zumbrota,MN,44.295165,-92.672870,census,Zumbrota city
Alexandria,MO,40.359890,-91.459391,census,Alexandria city
Aurora,MO,36.967436,-93.718596,census,Aurora city
Barnhart,MO,38.336604,-90.403095,census,Barnhart CDP
Bates City,MO,39.003936,-94.063391,census,Bates City city
Bethany,MO,40.268164,-94.029822,census,Bethany city
Bevier,MO,39.751433,-92.563880,census,Bevier city
Bloomsdale,MO,38.014442,-90.220352,census,Bloomsdale city
Bois D Arc,MO,37.256438,-93.507696,nominatim,Bois D'Arc
Bolivar,MO,37.606697,-93.416709,census,Bolivar city
Boonville,MO,38.961439,-92.746203,census,Boonville city
Bowling Green,MO,39.344774,-91.202488,census,Bowling Green city
Bridgeton,MO,38.773317,-90.416997,census,Bridgeton city
Brookfield,MO,39.785329,-93.077967,census,Brookfield city
Cabool,MO,37.126482,-92.103217,census,Cabool city
California,MO,38.630306,-92.567079,census,California city
Cameron,MO,39.743977,-94.232367,census,Cameron city
Canton,MO,40.129921,-91.527015,census,Canton city
Cardwell,MO,36.047480,-90.290905,census,Cardwell city
Carthage,MO,37.147303,-94.323362,census,Carthage city
Center,MO,39.509438,-91.529335,census,Center city
Charleston,MO,36.916934,-89.333912,census,Charleston city
Chillicothe,MO,39.794761,-93.547397,census,Chillicothe city
Clinton,MO,38.371172,-93.768142,census,Clinton city
Collins,MO,37.889607,-93.621824,census,Collins village
Columbia,MO,38.947290,-92.326387,census,Columbia city
Concordia,MO,38.987513,-93.569227,census,Concordia city
Cuba,MO,38.067095,-91.405733,census,Cuba city
Dearborn,MO,39.525142,-94.771972,census,Dearborn city
Deerfield,MO,37.838652,-94.507702,census,Deerfield village
Dexter,MO,36.792821,-89.962969,census,Dexter city
Eagleville,MO,40.468725,-93.985963,census,Eagleville town
Eldon,MO,38.351176,-92.576704,census,Eldon city
Ellsinore,MO,36.932839,-90.747672,census,Ellsinore city
Eolia,MO,39.237890,-91.013166,census,Eolia village
Fair Grove,MO,37.383321,-93.152154,census,Fair Grove city
Faucett,MO,39.600244,-94.797470,census,Faucett CDP
Fenton,MO,38.528547,-90.450674,census,Fenton city
Forest City,MO,39.982950,-95.188310,census,Forest City city
Foristell,MO,38.814393,-90.958962,census,Foristell city
Fredericktown,MO,37.562953,-90.303512,census,Fredericktown city
Fulton,MO,38.855146,-91.950802,census,Fulton city
Gallatin,MO,39.910352,-93.964011,census,Gallatin city
Glasgow,MO,39.228504,-92.837742,census,Glasgow city
Grain Valley,MO,39.014988,-94.216371,census,Grain Valley city
Grandview,MO,38.881359,-94.522744,census,Grandview city
Hamilton,MO,39.743535,-94.002400,census,Hamilton city
Hannibal,MO,39.710208,-91.394044,census,Hannibal city
Harrisonville,MO,38.650159,-94.350483,census,Harrisonville city
Hayti,MO,36.232528,-89.747362,census,Hayti city
Hazelwood,MO,38.794706,-90.396002,census,Hazelwood city
Herculaneum,MO,38.257558,-90.393130,census,Herculaneum city
Higginsville,MO,39.065719,-93.726814,census,Higginsville city
Holt,MO,39.454209,-94.338511,census,Holt city
Jackson,MO,37.379922,-89.654073,census,Jackson city
Jamestown,MO,38.769237,-92.483904,census,Jamestown town
Jasper,MO,37.335665,-94.302795,census,Jasper city
Jefferson City,MO,38.567461,-92.175254,census,Jefferson City city
Jonesburg,MO,38.856376,-91.303157,census,Jonesburg city
Joplin,MO,37.075218,-94.501259,census,Joplin city
Kansas City,MO,39.125155,-94.550313,census,Kansas City city
Kearney,MO,39.355111,-94.358580,census,Kearney city
King City,MO,40.050567,-94.525167,census,King City city
Kingdom City,MO,38.947306,-91.935419,census,Kingdom City village
Koshkonong,MO,36.597444,-91.645953,census,Koshkonong town
La Plata,MO,40.023952,-92.490779,census,La Plata city
Laddonia,MO,39.242798,-91.642566,census,Laddonia city
Lamar,MO,37.493918,-94.278428,census,Lamar city
Lancaster,MO,40.526323,-92.531732,census,Lancaster city
Lathrop,MO,39.561848,-94.319853,census,Lathrop city
Lebanon,MO,37.672131,-92.659670,census,Lebanon city
Liberty,MO,39.241270,-94.419445,census,Liberty city
Louisiana,MO,39.441456,-91.062033,census,Louisiana city
Lowry City,MO,38.140018,-93.726769,census,Lowry City city
Macon,MO,39.742230,-92.470551,census,Macon city
Malta Bend,MO,39.193986,-93.363500,census,Malta Bend town
Mansfield,MO,37.109843,-92.580955,census,Mansfield city
Marston,MO,36.517177,-89.605831,census,Marston city
Maryville,MO,40.342515,-94.870048,census,Maryville city
Matthews,MO,36.756800,-89.567477,census,Matthews city
Mexico,MO,39.162169,-91.872770,census,Mexico city
Milan,MO,40.203239,-93.124004,census,Milan city
Mineral Point,MO,37.945577,-90.724632,census,Mineral Point town
Moberly,MO,39.418112,-92.436544,census,Moberly city
Monett,MO,36.921470,-93.927108,census,Monett city
Mound City,MO,40.136503,-95.233739,census,Mound City city
Mount Vernon,MO,37.104812,-93.818669,census,Mount Vernon city
Mountain View,MO,36.993719,-91.701863,census,Mountain View city
Neelyville,MO,36.556292,-90.513676,census,Neelyville city
Nelson,MO,38.994503,-93.030816,census,Nelson city
Neosho,MO,36.845458,-94.376438,census,Neosho city
Nevada,MO,37.844908,-94.350321,census,Nevada city
New Florence,MO,38.908466,-91.454789,census,New Florence city
New London,MO,39.584202,-91.398899,census,New London city
New Madrid,MO,36.586507,-89.551201,census,New Madrid city
Newburg,MO,37.915584,-91.900374,census,Newburg city
Norwood,MO,37.107192,-92.418931,census,Norwood city
Oak Grove,MO,39.007033,-94.128441,census,Oak Grove city
Owensville,MO,38.348438,-91.497361,census,Owensville city
Ozark,MO,37.033600,-93.218044,census,Ozark city
Pacific,MO,38.479724,-90.749453,census,Pacific city
Palmyra,MO,39.797910,-91.526558,census,Palmyra city
Park Hills,MO,37.816979,-90.499893,census,Park Hills city
Peculiar,MO,38.730826,-94.468597,census,Peculiar city
Perryville,MO,37.726330,-89.876493,census,Perryville city
Pevely,MO,38.288089,-90.400038,census,Pevely city
Platte City,MO,39.359733,-94.756317,census,Platte City city
Poplar Bluff,MO,36.763259,-90.413953,census,Poplar Bluff city
Purdy,MO,36.818772,-93.920574,census,Purdy city
Queen City,MO,40.411775,-92.566678,census,Queen City city
Qulin,MO,36.595255,-90.246295,census,Qulin city
Republic,MO,37.168552,-93.413059,census,Republic city
Rich Hill,MO,38.095871,-94.363462,census,Rich Hill city
Richland,MO,37.861142,-92.399744,census,Richland city
Ridgedale,MO,36.503954,-93.223792,nominatim,Ridgedale
Rock Port,MO,40.410911,-95.533087,census,Rock Port city
Rogersville,MO,37.114848,-93.074763,census,Rogersville city
Rolla,MO,37.945940,-91.761202,census,Rolla city
Saint Charles,MO,38.795702,-90.515364,census,St. Charles city
Saint James,MO,38.002356,-91.613372,census,St. James city
Saint Joseph,MO,39.759460,-94.821143,census,St. Joseph city
Saint Louis,MO,38.635699,-90.244582,census,St. Louis city
Saint Peters,MO,38.781565,-90.604168,census,St. Peters city
Saint Robert,MO,37.825332,-92.151981,census,St. Robert city
Sainte Genevieve,MO,37.975019,-90.049982,census,Ste. Genevieve city
Salem,MO,37.639568,-91.534860,census,Salem city
Sarcoxie,MO,37.068571,-94.126920,census,Sarcoxie city
Savannah,MO,39.938789,-94.828049,census,Savannah city
Scott City,MO,37.224530,-89.537647,census,Scott City city
Sedalia,MO,38.705239,-93.235819,census,Sedalia city
Seymour,MO,37.147424,-92.768837,census,Seymour city
Shelbina,MO,39.693022,-92.039652,census,Shelbina city
Sikeston,MO,36.883729,-89.587199,census,Sikeston city
Slater,MO,39.223279,-93.065347,census,Slater city
Springfield,MO,37.194157,-93.292642,census,Springfield city
Steele,MO,36.094790,-89.862102,census,Steele city
Strafford,MO,37.268711,-93.117963,census,Strafford city
Sullivan,MO,38.212787,-91.163645,census,Sullivan city
Tarkio,MO,40.442988,-95.383516,census,Tarkio city
Taylor,MO,39.903783,-92.205892,census-subdivision,Taylor township
Trenton,MO,40.081255,-93.602387,census,Trenton city
Unionville,MO,40.475708,-93.004416,census,Unionville city
Villa Ridge,MO,38.465699,-90.882348,census,Villa Ridge CDP
Warrensburg,MO,38.762394,-93.725330,census,Warrensburg city
Warrenton,MO,38.819056,-91.137933,census,Warrenton city
Wayland,MO,40.396301,-91.575443,census,Wayland city
Waynesville,MO,37.819430,-92.219262,census,Waynesville city
West Plains,MO,36.737430,-91.867957,census,West Plains city
Willow Springs,MO,36.986752,-91.961551,census,Willow Springs city
Windsor,MO,38.532265,-93.522945,census,Windsor city
Winston,MO,39.869946,-94.141744,census,Winston village
Batesville,MS,34.320982,-89.924878,census,Batesville city
Beaumont,MS,31.167543,-88.928356,census,Beaumont town
Belden,MS,34.310383,-88.788389,nominatim,Belden
Biloxi,MS,30.426663,-88.935762,census,Biloxi city
Brookhaven,MS,31.580567,-90.443386,census,Brookhaven city
Buckatunna,MS,31.553199,-88.534283,census,Buckatunna CDP
Byhalia,MS,34.869188,-89.689993,census,Byhalia town
Byram,MS,32.192137,-90.286965,census,Byram city
Canton,MS,32.598419,-90.032191,census,Canton city
Carthage,MS,32.744227,-89.533452,census,Carthage city
Cleveland,MS,33.744008,-90.728476,census,Cleveland city
Coldwater,MS,34.690376,-89.975517,census,Coldwater town
Collins,MS,31.648272,-89.567581,census,Collins city
Columbia,MS,31.258593,-89.818669,census,Columbia city
Columbus,MS,33.508208,-88.407128,census,Columbus city
Como,MS,34.513561,-89.939947,census,Como town
Corinth,MS,34.948353,-88.513618,census,Corinth city
Ecru,MS,34.347992,-89.025632,census,Ecru town
Ellisville,MS,31.597277,-89.210269,census,Ellisville city
Florence,MS,32.155615,-90.122454,census,Florence city
Flowood,MS,32.336101,-90.072874,census,Flowood city
Forest,MS,32.359838,-89.475908,census,Forest city
Greenville,MS,33.383461,-91.052314,census,Greenville city
Greenwood,MS,33.512460,-90.198963,census,Greenwood city
Grenada,MS,33.781445,-89.811547,census,Grenada city
Gulfport,MS,30.419487,-89.069022,census,Gulfport city
Guntown,MS,34.444829,-88.666279,census,Guntown town
Hattiesburg,MS,31.307305,-89.317434,census,Hattiesburg city
Heidelberg,MS,31.890513,-88.990218,census,Heidelberg town
Holly Springs,MS,34.778017,-89.445819,census,Holly Springs city
Houston,MS,33.896187,-89.003490,census,Houston city
Indianola,MS,33.448896,-90.643752,census,Indianola city
Jackson,MS,32.315834,-90.212850,census,Jackson city
Kosciusko,MS,33.058169,-89.589364,census,Kosciusko city
Lake,MS,32.329992,-89.314350,census,Lake town
Lauderdale,MS,32.510394,-88.526366,census,Lauderdale CDP
Laurel,MS,31.691221,-89.148290,census,Laurel city
Lawrence,MS,32.325144,-89.232839,nominatim,Lawrence
Leland,MS,33.404834,-90.890925,census,Leland city
Louisville,MS,33.122934,-89.054879,census,Louisville city
Lucedale,MS,30.931213,-88.595896,census,Lucedale city
Lyon,MS,34.216925,-90.543195,census,Lyon town
Madison,MS,32.473884,-90.130865,census,Madison city
Magee,MS,31.873006,-89.734001,census,Magee city
Mathiston,MS,33.538877,-89.125890,census,Mathiston town
McComb,MS,31.244474,-90.471593,census,McComb city
Mccomb,MS,31.244474,-90.471593,census,McComb city
Meridian,MS,32.384170,-88.689448,census,Meridian city
Morton,MS,32.345528,-89.659145,census,Morton city
Moss Point,MS,30.425914,-88.532733,census,Moss Point city
Mount Pleasant,MS,34.953977,-89.525599,census,Mount Pleasant CDP
Natchez,MS,31.542438,-91.385649,census,Natchez city
New Albany,MS,34.492286,-89.021720,census,New Albany city
New Augusta,MS,31.203377,-89.029338,census,New Augusta town
Newton,MS,32.330112,-89.147528,census,Newton city
Oakland,MS,34.057581,-89.913225,census,Oakland town
Ocean Springs,MS,30.402704,-88.788647,census,Ocean Springs city
Okolona,MS,34.005061,-88.747692,census,Okolona city
Olive Branch,MS,34.955752,-89.841153,census,Olive Branch city
Oxford,MS,34.351262,-89.536981,census,Oxford city
Pearl,MS,32.272456,-90.091827,census,Pearl city
Pelahatchie,MS,32.320903,-89.807951,census,Pelahatchie town
Picayune,MS,30.530820,-89.670628,census,Picayune city
Pickens,MS,32.891331,-89.968785,census,Pickens town
Poplarville,MS,30.839677,-89.530205,census,Poplarville city
Purvis,MS,31.146366,-89.406281,census,Purvis city
Red Banks,MS,34.834689,-89.563407,census,Red Banks CDP
Richland,MS,32.230413,-90.159622,census,Richland city
Saltillo,MS,34.380293,-88.696217,census,Saltillo city
Sandersville,MS,31.784016,-89.039758,census,Sandersville town
Scooba,MS,32.830179,-88.477118,census,Scooba town
Senatobia,MS,34.608650,-89.980994,census,Senatobia city
Shannon,MS,34.114416,-88.693131,census,Shannon town
Shelby,MS,33.950528,-90.765091,census,Shelby city
Sherman,MS,34.361170,-88.838744,census,Sherman town
Terry,MS,32.106057,-90.292595,census,Terry town
Tillatoba,MS,33.985086,-89.896060,census,Tillatoba town
Tishomingo,MS,34.638284,-88.229144,census,Tishomingo town
Toomsuba,MS,32.430282,-88.507088,census,Toomsuba CDP
Tunica,MS,34.688137,-90.380937,census,Tunica town
Tupelo,MS,34.270604,-88.732455,census,Tupelo city
Vicksburg,MS,32.322002,-90.881559,census,Vicksburg city
Walnut,MS,34.949671,-88.924455,census,Walnut town
Water Valley,MS,34.161990,-89.630120,census,Water Valley city
West Point,MS,33.606236,-88.657568,census,West Point city
Wiggins,MS,30.856048,-89.138981,census,Wiggins city
Winona,MS,33.490256,-89.729287,census,Winona city
Belgrade,MT,45.782706,-111.178256,census,Belgrade city
Big Timber,MT,45.834782,-109.948266,census,Big Timber city
Billings,MT,45.788538,-108.552475,census,Billings city
Boulder,MT,46.235840,-112.119749,census,Boulder city
Butte,MT,45.896232,-112.660071,census-prefix,Butte-Silver Bow (balance)
Chinook,MT,48.590128,-109.231820,census,Chinook city
Columbia Falls,MT,48.371476,-114.191834,census,Columbia Falls city
Columbus,MT,45.635966,-109.248784,census,Columbus town
Conrad,MT,48.174083,-111.946593,census,Conrad city
Deer Lodge,MT,46.398301,-112.733226,census,Deer Lodge city
Dillon,MT,45.217815,-112.634610,census,Dillon city
Glendive,MT,47.106473,-104.710856,census,Glendive city
Great Falls,MT,47.502518,-111.299970,census,Great Falls city
Hardin,MT,45.742268,-107.608272,census,Hardin city
Helena,MT,46.595465,-112.018746,census,Helena city
Laurel,MT,45.674007,-108.776789,census,Laurel city
Lewistown,MT,47.051380,-109.452399,census,Lewistown city
Livingston,MT,45.665629,-110.555706,census,Livingston city
Lolo,MT,46.771857,-114.108453,census,Lolo CDP
Miles City,MT,46.405823,-105.838944,census,Miles City city
Milltown,MT,46.871295,-113.881719,nominatim,Milltown
Missoula,MT,46.874359,-114.026136,census,Missoula city
Moore,MT,46.974956,-109.695113,census,Moore town
Park City,MT,45.630946,-108.925311,census,Park City CDP
Plentywood,MT,48.776020,-104.557296,census,Plentywood city
Shelby,MT,48.502129,-111.862036,census,Shelby city
Sidney,MT,47.715456,-104.167161,census,Sidney city
Superior,MT,47.195120,-114.901363,census,Superior town
Three Forks,MT,45.889568,-111.552748,census,Three Forks city
Whitehall,MT,45.870987,-112.097584,census,Whitehall town
Moncton,NB,,,unmatched,
Ahoskie,NC,36.284126,-76.990105,census,Ahoskie town
Apex,NC,35.725577,-78.879919,census,Apex town
Asheboro,NC,35.702596,-79.804120,census,Asheboro city
Belhaven,NC,35.542961,-76.623111,census,Belhaven town
Bethel,NC,35.807223,-77.376250,census,Bethel town
Bladenboro,NC,34.540870,-78.794660,census,Bladenboro town
Burgaw,NC,34.551466,-77.923012,census,Burgaw town
Candler,NC,35.544436,-82.683803,nominatim,Candler
Candor,NC,35.296389,-79.732521,census,Candor town
Charlotte,NC,35.209045,-80.830990,census,Charlotte city
Chocowinity,NC,35.514640,-77.101470,census,Chocowinity town
Clinton,NC,35.000430,-78.331540,census,Clinton city
Colfax,NC,35.351028,-81.754419,census-subdivision,Colfax township
Columbia,NC,35.923406,-76.240480,census,Columbia town
Conover,NC,35.715035,-81.215337,census,Conover city
Creedmoor,NC,36.125026,-78.677955,census,Creedmoor city
Delco,NC,34.318818,-78.226661,census,Delco CDP
Denver,NC,35.545552,-81.044706,census,Denver CDP
Dunn,NC,35.311635,-78.612962,census,Dunn city
Durham,NC,35.977928,-78.898109,census,Durham city
Edenton,NC,36.058565,-76.598979,census,Edenton town
Elizabeth City,NC,36.294203,-76.238145,census,Elizabeth City city
Elkin,NC,36.263365,-80.847106,census,Elkin town
Evergreen,NC,34.414860,-78.911375,census,Evergreen CDP
Farmville,NC,35.595026,-77.590618,census,Farmville town
Fayetteville,NC,35.082766,-78.973515,census,Fayetteville city
Flat Rock,NC,35.266841,-82.451618,census,Flat Rock village
Garner,NC,35.689477,-78.614599,census,Garner town
Gastonia,NC,35.248999,-81.184834,census,Gastonia city
Goldsboro,NC,35.378226,-77.971869,census,Goldsboro city
Graham,NC,36.056356,-79.389436,census,Graham city
Grantsboro,NC,35.144868,-76.844682,census,Grantsboro town
Greensboro,NC,36.094850,-79.823624,census,Greensboro city
Greenville,NC,35.596431,-77.375256,census,Greenville city
Hamptonville,NC,36.098468,-80.760345,nominatim,Hamptonville
Harrisburg,NC,35.307549,-80.645617,census,Harrisburg town
Haw River,NC,36.091898,-79.358943,census,Haw River town
Hendersonville,NC,35.324302,-82.456282,census,Hendersonville city
Hertford,NC,36.176849,-76.466552,census,Hertford town
Hickory,NC,35.737492,-81.322870,census,Hickory city
High Point,NC,35.990803,-79.992713,census,High Point city
Hope Mills,NC,34.969195,-78.959887,census,Hope Mills town
Jacksonville,NC,34.729730,-77.393661,census,Jacksonville city
Jonesville,NC,36.235280,-80.833680,census,Jonesville town
Kannapolis,NC,35.479904,-80.647499,census,Kannapolis city
Kenly,NC,35.600767,-78.127935,census,Kenly town
Kernersville,NC,36.106171,-80.081895,census,Kernersville town
Kinston,NC,35.275099,-77.593368,census,Kinston city
Leland,NC,34.213736,-78.043181,census,Leland town
Lewiston Woodville,NC,36.114886,-77.179554,census,Lewiston Woodville town
Lexington,NC,35.797180,-80.274285,census,Lexington city
Lillington,NC,35.413080,-78.811703,census,Lillington town
Linwood,NC,35.750694,-80.317831,nominatim,Linwood
Lumberton,NC,34.630608,-79.018601,census,Lumberton city
Marion,NC,35.676230,-82.000841,census,Marion city
Maxton,NC,34.736500,-79.352731,census,Maxton town
Mc Leansville,NC,,,unmatched,
Mebane,NC,36.081679,-79.276742,census,Mebane city
Midland,NC,35.249167,-80.530075,census,Midland town
Mocksville,NC,35.899716,-80.561095,census,Mocksville town
Monroe,NC,35.001591,-80.561277,census,Monroe city
Morehead City,NC,34.727891,-76.739088,census,Morehead City town
Mount Airy,NC,36.508487,-80.614538,census,Mount Airy city
New Bern,NC,35.092713,-77.071774,census,New Bern city
Newport,NC,34.770703,-76.879076,census,Newport town
Newton,NC,35.662162,-81.232269,census,Newton city
Oak City,NC,35.962519,-77.305093,census,Oak City town
Pilot Mountain,NC,36.383939,-80.474220,census,Pilot Mountain town
Pinetops,NC,35.791136,-77.637775,census,Pinetops town
Pleasant Hill,NC,36.254037,-80.894620,census,Pleasant Hill CDP
Plymouth,NC,35.858537,-76.748202,census,Plymouth town
Princeton,NC,35.466360,-78.163242,census,Princeton town
Raeford,NC,34.981303,-79.229567,census,Raeford city
Raleigh,NC,35.831868,-78.641042,census,Raleigh city
Reidsville,NC,36.337862,-79.677206,census,Reidsville city
Rich Square,NC,36.273942,-77.283906,census,Rich Square town
Richlands,NC,34.898549,-77.541947,census,Richlands town
Riegelwood,NC,34.340103,-78.220362,census,Riegelwood CDP
Rocky Mount,NC,35.968514,-77.808294,census,Rocky Mount city
Rocky Point,NC,34.444048,-77.890907,census,Rocky Point CDP
Rural Hall,NC,36.224504,-80.296908,census,Rural Hall town
Saint Pauls,NC,34.809197,-78.976559,census,St. Pauls town
Salisbury,NC,35.666161,-80.492629,census,Salisbury city
Saluda,NC,35.237523,-82.346908,census,Saluda city
Sanford,NC,35.493776,-79.176464,census,Sanford city
Seaboard,NC,36.490690,-77.441966,census,Seaboard town
Selma,NC,35.539726,-78.291735,census,Selma town
Shelby,NC,35.290405,-81.545645,census,Shelby city
Siler City,NC,35.727067,-79.463662,census,Siler City town
Spring Hope,NC,35.944126,-78.108966,census,Spring Hope town
Spring Lake,NC,35.184590,-78.994722,census,Spring Lake town
Statesville,NC,35.783369,-80.871654,census,Statesville city
Stedman,NC,35.013483,-78.700121,census,Stedman town
Stokesdale,NC,36.228073,-79.977413,census,Stokesdale town
Supply,NC,34.017672,-78.267499,nominatim,Supply
Swansboro,NC,34.693583,-77.134274,census,Swansboro town
Tar Heel,NC,34.733896,-78.790896,census,Tar Heel town
Troutman,NC,35.685785,-80.867494,census,Troutman town
Union Grove,NC,36.008677,-80.854370,census-subdivision,Union Grove township
Vanceboro,NC,35.303057,-77.156700,census,Vanceboro town
Wade,NC,35.163402,-78.739673,census,Wade town
Wadesboro,NC,34.963829,-80.074694,census,Wadesboro town
Wake Forest,NC,35.963685,-78.511740,census,Wake Forest town
Warsaw,NC,34.999578,-78.092726,census,Warsaw town
Waynesville,NC,35.485709,-82.999115,census,Waynesville town
Whitakers,NC,36.105704,-77.712972,census,Whitakers town
Whiteville,NC,34.330457,-78.701436,census,Whiteville city
Whitsett,NC,36.079180,-79.572345,census,Whitsett town
Wilkesboro,NC,36.142444,-81.176974,census,Wilkesboro town
Williamston,NC,35.846539,-77.066078,census,Williamston town
Wilmington,NC,34.209225,-77.885767,census,Wilmington city
Wilson,NC,35.731488,-77.930750,census,Wilson city
Windsor,NC,35.993046,-76.939899,census,Windsor town
Winnabow,NC,34.149337,-78.093605,nominatim,Winnabow
Winston Salem,NC,36.102863,-80.260829,census,Winston-Salem city
Winton,NC,36.389448,-76.934729,census,Winton town
Youngsville,NC,36.035068,-78.481650,census,Youngsville town
Alexander,ND,47.838058,-103.643203,census,Alexander city
Beach,ND,46.918747,-104.005446,census,Beach city
Belfield,ND,46.886789,-103.195481,census,Belfield city
Bismarck,ND,46.814572,-100.768568,census,Bismarck city
Bowman,ND,46.184324,-103.402946,census,Bowman city
Carpio,ND,48.443445,-101.716317,census,Carpio city
Carrington,ND,47.452851,-99.131033,census,Carrington city
Casselton,ND,46.896365,-97.212604,census,Casselton city
Devils Lake,ND,48.112578,-98.874762,census,Devils Lake city
Dickinson,ND,46.892780,-102.795960,census,Dickinson city
Drayton,ND,48.562060,-97.179496,census,Drayton city
Dunseith,ND,48.813033,-100.062233,census,Dunseith city
Fargo,ND,46.864700,-96.829080,census,Fargo city
Fessenden,ND,47.649308,-99.627008,census,Fessenden city
Grand Forks,ND,47.919595,-97.087328,census,Grand Forks city
Grassy Butte,ND,47.392514,-103.247966,nominatim,Grassy Butte
Hankinson,ND,46.074053,-96.891028,census,Hankinson city
Harwood,ND,46.977008,-96.881035,census,Harwood city
Jamestown,ND,46.905851,-98.693579,census,Jamestown city
Kenmare,ND,48.672812,-102.072030,census,Kenmare city
Killdeer,ND,47.368751,-102.746201,census,Killdeer city
Leeds,ND,48.287207,-99.434292,census,Leeds city
Mandan,ND,46.829484,-100.887060,census,Mandan city
Minot,ND,48.236125,-101.277533,census,Minot city
New Salem,ND,46.843050,-101.417941,census,New Salem city
New Town,ND,47.989075,-102.488305,census,New Town city
Oakes,ND,46.139704,-98.087123,census,Oakes city
Pembina,ND,48.967087,-97.246861,census,Pembina city
Richardton,ND,46.884816,-102.339088,census,Richardton city
Rugby,ND,48.365422,-99.990223,census,Rugby city
Stanley,ND,48.313784,-102.397321,census,Stanley city
Steele,ND,46.856801,-99.918126,census,Steele city
Sterling,ND,46.851260,-100.267087,census-subdivision,Sterling township
Tioga,ND,48.394617,-102.943490,census,Tioga city
Tower City,ND,46.926308,-97.676035,census,Tower City city
Valley City,ND,46.922573,-98.004137,census,Valley City city
Wahpeton,ND,46.272083,-96.612203,census,Wahpeton city
Watford City,ND,47.801492,-103.266731,census,Watford City city
West Fargo,ND,46.856380,-96.904809,census,West Fargo city
Williston,ND,48.189496,-103.649117,census,Williston city
Wilton,ND,47.157893,-100.784377,census,Wilton city
Alda,NE,40.866567,-98.468050,census,Alda village
Alliance,NE,42.102567,-102.876188,census,Alliance city
Alma,NE,40.103463,-99.365616,census,Alma city
Aurora,NE,40.863867,-98.006966,census,Aurora city
Beatrice,NE,40.273281,-96.745954,census,Beatrice city
Bennet,NE,40.681727,-96.503932,census,Bennet village
Big Springs,NE,41.060902,-102.074466,census,Big Springs village
Broken Bow,NE,41.405188,-99.640758,census,Broken Bow city
Burwell,NE,41.780044,-99.134214,census,Burwell city
Cairo,NE,41.004776,-98.600552,census,Cairo village
Cambridge,NE,40.284302,-100.165800,census,Cambridge city
Central City,NE,41.113043,-98.000335,census,Central City city
Chadron,NE,42.825975,-103.002478,census,Chadron city
Columbus,NE,41.437087,-97.358615,census,Columbus city
Cozad,NE,40.861301,-99.986366,census,Cozad city
Crete,NE,40.624769,-96.952498,census,Crete city
Doniphan,NE,40.774319,-98.371294,census,Doniphan village
Eagle,NE,40.815943,-96.432585,census,Eagle village
Elgin,NE,41.983115,-98.082773,census,Elgin city
Elm Creek,NE,40.720084,-99.375590,census,Elm Creek village
Fairmont,NE,40.633554,-97.584954,census,Fairmont village
Falls City,NE,40.062208,-95.599013,census,Falls City city
Fremont,NE,41.439842,-96.487000,census,Fremont city
Geneva,NE,40.530692,-97.597135,census,Geneva city
Genoa,NE,41.445874,-97.733273,census,Genoa city
Gibbon,NE,40.745932,-98.845848,census,Gibbon city
Gordon,NE,42.806378,-102.204002,census,Gordon city
Gothenburg,NE,40.924676,-100.153929,census,Gothenburg city
Grand Island,NE,40.921352,-98.358559,census,Grand Island city
Greenwood,NE,40.961687,-96.443043,census,Greenwood village
Gretna,NE,41.127917,-96.196863,census,Gretna city
Hastings,NE,40.596264,-98.390320,census,Hastings city
Hebron,NE,40.168769,-97.585984,census,Hebron city
Henderson,NE,40.780250,-97.812209,census,Henderson city
Hershey,NE,41.160187,-100.998528,census,Hershey village
Holdrege,NE,40.439441,-99.377037,census,Holdrege city
Jackson,NE,42.448167,-96.571302,census,Jackson village
Laurel,NE,42.428614,-97.096363,census,Laurel city
Lexington,NE,40.777453,-99.746755,census,Lexington city
Lincoln,NE,40.810284,-96.674856,census,Lincoln city
Milford,NE,40.772568,-97.054119,census,Milford city
Norfolk,NE,42.028216,-97.427807,census,Norfolk city
North Platte,NE,41.124960,-100.750359,census,North Platte city
Ogallala,NE,41.129595,-101.720677,census,Ogallala city
Omaha,NE,41.262705,-96.053475,census,Omaha city
Oneill,NE,42.461533,-98.646955,census,O'Neill city
Ord,NE,41.602781,-98.919257,census,Ord city
Overton,NE,40.740570,-99.537410,census,Overton village
Palmyra,NE,40.705701,-96.392119,census,Palmyra village
Plainview,NE,42.353346,-97.787145,census,Plainview city
Roca,NE,40.658469,-96.661397,census,Roca village
Saint Paul,NE,41.213669,-98.459446,census,St. Paul city
Schuyler,NE,41.450134,-97.061591,census,Schuyler city
Scottsbluff,NE,41.868088,-103.662035,census,Scottsbluff city
Seward,NE,40.909211,-97.096095,census,Seward city
Shelby,NE,41.194247,-97.426267,census,Shelby village
Sidney,NE,41.133633,-102.969540,census,Sidney city
South Sioux City,NE,42.462124,-96.412965,census,South Sioux City city
Superior,NE,40.021734,-98.061836,census,Superior city
Syracuse,NE,40.663504,-96.182733,census,Syracuse city
Tecumseh,NE,40.371817,-96.188706,census,Tecumseh city
Trenton,NE,40.174733,-101.013573,census,Trenton village
Valentine,NE,42.873892,-100.547014,census,Valentine city
Valley,NE,41.317001,-96.362256,census,Valley city
Waco,NE,40.897000,-97.461747,census,Waco village
Wahoo,NE,41.217120,-96.617844,census,Wahoo city
Wayne,NE,42.237481,-97.008862,census,Wayne city
West Point,NE,41.837741,-96.705918,census,West Point city
Wisner,NE,41.989686,-96.914926,census,Wisner city
Wood River,NE,40.819797,-98.604355,census,Wood River city
York,NE,40.869389,-97.592739,census,York city
Auburn,NH,42.997059,-71.365806,census-subdivision,Auburn town
Barrington,NH,43.215566,-71.038980,census-subdivision,Barrington town
Bow,NH,43.133177,-71.537242,census-subdivision,Bow town
Candia,NH,43.056895,-71.340635,census-subdivision,Candia town
Concord,NH,43.232493,-71.561252,census,Concord city
Enfield,NH,43.643800,-72.146872,census,Enfield CDP
Epping,NH,43.034896,-71.098414,census,Epping CDP
Gorham,NH,44.393485,-71.198635,census,Gorham CDP
Greenland,NH,43.039699,-70.845643,census-subdivision,Greenland town
Hudson,NH,42.763811,-71.432010,census,Hudson CDP
Lebanon,NH,43.635428,-72.253837,census,Lebanon city
Londonderry,NH,42.853398,-71.362425,census,Londonderry CDP
Merrimack,NH,42.852033,-71.519877,census-subdivision,Merrimack town
New Hampton,NH,43.610629,-71.652754,census,New Hampton CDP
Northwood,NH,43.211856,-71.223393,census-subdivision,Northwood town
Portsmouth,NH,43.060594,-70.780349,census,Portsmouth city
Raymond,NH,43.035577,-71.175454,census,Raymond CDP
Walpole,NH,43.078344,-72.424804,census,Walpole CDP
Warner,NH,43.284261,-71.824059,census,Warner CDP
West Chesterfield,NH,42.904248,-72.515645,nominatim,West Chesterfield
Avenel,NJ,40.584334,-74.271626,census,Avenel CDP
Bloomsbury,NJ,40.656886,-75.076225,census,Bloomsbury borough
Bordentown,NJ,40.149693,-74.707679,census,Bordentown city
Bound Brook,NJ,40.567749,-74.537250,census,Bound Brook borough
Budd Lake,NJ,40.873494,-74.736828,census,Budd Lake CDP
Burlington,NJ,40.078824,-74.852483,census,Burlington city
Carlstadt,NJ,40.826431,-74.062335,census,Carlstadt borough
Carteret,NJ,40.583790,-74.227457,census,Carteret borough
Cherry Hill,NJ,39.904611,-74.997000,census-subdivision,Cherry Hill township
Clementon,NJ,39.802681,-74.983763,census,Clementon borough
Clinton,NJ,40.636794,-74.915205,census,Clinton town
Columbia,NJ,40.925868,-75.094062,census,Columbia CDP
Cranbury,NJ,40.313450,-74.520233,census,Cranbury CDP
Delaware,NJ,40.892819,-75.069436,census,Delaware CDP
East Brunswick,NJ,40.426249,-74.418244,census-subdivision,East Brunswick township
East Rutherford,NJ,40.817097,-74.085024,census,East Rutherford borough
Edison,NJ,40.504396,-74.348843,census-subdivision,Edison township
Elizabeth,NJ,40.666367,-74.193503,census,Elizabeth city
Elizabethport,NJ,40.650103,-74.187089,nominatim,Elizabethport
Fairfield,NJ,39.372316,-75.238721,census-subdivision,Fairfield township
Flemington,NJ,40.508641,-74.859869,census,Flemington borough
Franklinville,NJ,39.618004,-75.072981,census,Franklinville CDP
Hampton,NJ,40.704570,-74.971525,census,Hampton borough
Hillsborough,NJ,40.508074,-74.652880,census,Hillsborough CDP
Jersey City,NJ,40.711417,-74.064760,census,Jersey City city
Kearny,NJ,40.752332,-74.123093,census,Kearny town
Ledgewood,NJ,40.883268,-74.668029,census,Ledgewood CDP
Linden,NJ,40.627337,-74.236310,census,Linden city
Mahwah,NJ,41.082067,-74.183061,census-subdivision,Mahwah township
Monmouth Junction,NJ,40.376068,-74.557923,census,Monmouth Junction CDP
Monroe Township,NJ,39.660224,-74.969195,census-subdivision,Monroe township
Montague,NJ,41.280958,-74.730511,census-subdivision,Montague township
Mount Holly,NJ,39.995336,-74.786473,census-subdivision,Mount Holly township
Mount Laurel,NJ,39.948992,-74.900247,census-subdivision,Mount Laurel township
Newark,NJ,40.724220,-74.172574,census,Newark city
Newfield,NJ,39.551041,-75.010217,census,Newfield borough
North Bergen,NJ,40.793644,-74.025027,census-subdivision,North Bergen township
North Brunswick,NJ,40.450392,-74.479416,census-subdivision,North Brunswick township
Palisades Park,NJ,40.847017,-73.997061,census,Palisades Park borough
Palmyra,NJ,40.003099,-75.035889,census,Palmyra borough
Paulsboro,NJ,39.839975,-75.239960,census,Paulsboro borough
Penns Grove,NJ,39.727704,-75.469035,census,Penns Grove borough
Pennsauken,NJ,39.968368,-75.057851,census-subdivision,Pennsauken township
Perth Amboy,NJ,40.520160,-74.271331,census,Perth Amboy city
Phillipsburg,NJ,40.691974,-75.179006,census,Phillipsburg town
Richwood,NJ,39.716021,-75.172451,census,Richwood CDP
Ridgefield,NJ,40.832677,-74.014088,census,Ridgefield borough
Ringoes,NJ,40.430883,-74.871795,census,Ringoes CDP
Riverton,NJ,40.011135,-75.014128,census,Riverton borough
Roebling,NJ,40.117217,-74.777844,census,Roebling CDP
Rosenhayn,NJ,39.478674,-75.137962,census,Rosenhayn CDP
Secaucus,NJ,40.781958,-74.067649,census,Secaucus town
South Amboy,NJ,40.488533,-74.279133,census,South Amboy city
South Plainfield,NJ,40.574413,-74.414800,census,South Plainfield borough
Thorofare,NJ,39.854728,-75.198685,census,Thorofare CDP
Trenton,NJ,40.223841,-74.763624,census,Trenton city
Vineland,NJ,39.465007,-74.997115,census,Vineland city
Woodbridge,NJ,40.552857,-74.286939,census,Woodbridge CDP
Alamogordo,NM,32.883619,-105.963607,census,Alamogordo city
Albuquerque,NM,35.104780,-106.646809,census,Albuquerque city
Algodones,NM,35.370711,-106.488878,census,Algodones CDP
Artesia,NM,32.852173,-104.424570,census,Artesia city
Aztec,NM,36.815898,-107.970312,census,Aztec city
Belen,NM,34.766572,-106.808512,census,Belen city
Bernalillo,NM,35.312363,-106.554104,census,Bernalillo town
Carlsbad,NM,32.400790,-104.241012,census,Carlsbad city
Carrizozo,NM,33.643341,-105.841132,census,Carrizozo town
Casa Blanca,NM,35.046318,-107.471394,nominatim,Casa Blanca
Clayton,NM,36.446033,-103.148863,census,Clayton town
Clines Corners,NM,35.009498,-105.669180,nominatim,Clines Corners
Clovis,NM,34.438569,-103.194194,census,Clovis city
Deming,NM,32.263076,-107.752490,census,Deming city
Eunice,NM,32.436147,-103.149043,census,Eunice city
Farmington,NM,36.753833,-108.180530,census,Farmington city
Flora Vista,NM,36.803059,-108.090194,census,Flora Vista CDP
Gallup,NM,35.513753,-108.743733,census,Gallup city
Hatch,NM,32.673119,-107.161993,census,Hatch village
Hobbs,NM,32.729089,-103.160588,census,Hobbs city
Jal,NM,32.114838,-103.189996,census,Jal city
Jamestown,NM,35.469295,-108.439555,census,Jamestown CDP
Las Cruces,NM,32.326444,-106.789695,census,Las Cruces city
Las Vegas,NM,35.604818,-105.217023,census,Las Vegas city
Lemitar,NM,34.155034,-106.912241,census,Lemitar CDP
Logan,NM,35.355482,-103.453020,census,Logan village
Lordsburg,NM,32.343777,-108.702120,census,Lordsburg city
Los Lunas,NM,34.800870,-106.788691,census,Los Lunas village
Loving,NM,32.286235,-104.097756,census,Loving village
Lovington,NM,32.944466,-103.349225,census,Lovington city
Melrose,NM,34.429478,-103.629365,census,Melrose village
Milan,NM,35.196782,-107.892371,census,Milan village
Moriarty,NM,35.003368,-106.044427,census,Moriarty city
Portales,NM,34.177289,-103.355084,census,Portales city
Pueblo Of Acoma,NM,,,unmatched,
Raton,NM,36.884967,-104.439572,census,Raton city
Roswell,NM,33.373442,-104.529393,census,Roswell city
San Jon,NM,35.111299,-103.336299,census,San Jon village
Santa Rosa,NM,34.936051,-104.675021,census,Santa Rosa city
Santa Teresa,NM,31.871360,-106.673424,census,Santa Teresa CDP
Springer,NM,36.365411,-104.600218,census,Springer town
Tatum,NM,33.255394,-103.310822,census,Tatum town
Texico,NM,34.389212,-103.050682,census,Texico city
Tinnie,NM,33.370556,-105.226367,nominatim,Tinnie
Tucumcari,NM,35.170291,-103.705046,census,Tucumcari city
Tularosa,NM,33.075001,-106.017299,census,Tularosa village
Vado,NM,32.127881,-106.657073,census,Vado CDP
Vaughn,NM,34.607206,-105.212594,census,Vaughn town
Dartmouth,NS,44.679971,-63.572023,nominatim,Dartmouth
Battle Mountain,NV,40.628371,-116.948553,census,Battle Mountain CDP
Carlin,NV,40.719013,-116.108045,census,Carlin city
Carson City,NV,39.153060,-119.747368,census,Carson City
Elko,NV,40.838111,-115.767809,census,Elko city
Ely,NV,39.264928,-114.870868,census,Ely city
Fallon,NV,39.473700,-118.777900,census,Fallon city
Fernley,NV,39.564770,-119.189433,census,Fernley city
Gardnerville,NV,38.939000,-119.736879,census,Gardnerville CDP
Hawthorne,NV,38.525267,-118.626031,census,Hawthorne CDP
Henderson,NV,36.008958,-115.026800,census,Henderson city
Imlay,NV,40.658106,-118.144098,census,Imlay CDP
Indian Springs,NV,36.571844,-115.720313,census,Indian Springs CDP
Jackpot,NV,41.979455,-114.664598,census,Jackpot CDP
Jean,NV,35.778857,-115.324382,nominatim,Jean
Las Vegas,NV,36.233499,-115.264037,census,Las Vegas city
Lovelock,NV,40.178738,-118.477442,census,Lovelock city
MC DERMITT,NV,,,unmatched,
Mesquite,NV,36.811120,-114.125652,census,Mesquite city
Minden,NV,38.964576,-119.766621,census,Minden CDP
Moapa,NV,36.667365,-114.584977,nominatim,Moapa
North Las Vegas,NV,36.289865,-115.089181,census,North Las Vegas city
Reno,NV,39.549097,-119.849907,census,Reno city
Searchlight,NV,35.455431,-114.920426,census,Searchlight CDP
Sparks,NV,39.574341,-119.715154,census,Sparks city
Tonopah,NV,38.082160,-117.224586,census,Tonopah CDP
Wells,NV,41.113155,-114.953537,census,Wells city
West Wendover,NV,40.740253,-114.078633,census,West Wendover city
Winnemucca,NV,40.964397,-117.724642,census,Winnemucca city
Yerington,NV,38.955477,-119.110120,census,Yerington city
Albany,NY,42.665745,-73.798353,census,Albany city
Apalachin,NY,42.063844,-76.156757,census,Apalachin CDP
Avon,NY,42.912842,-77.746490,census,Avon village
Bath,NY,42.336093,-77.316860,census,Bath village
Belmont,NY,42.220105,-78.030794,census,Belmont village
Bergen,NY,43.082601,-77.942458,census,Bergen village
Binghamton,NY,42.101331,-75.909369,census,Binghamton city
Brewerton,NY,43.232432,-76.144820,census,Brewerton CDP
Bronx,NY,40.848711,-73.852939,census-subdivision,Bronx borough
Buffalo,NY,42.892492,-78.859686,census,Buffalo city
Campbell,NY,42.235043,-77.193694,census,Campbell CDP
Canaan,NY,42.403004,-73.456777,census-subdivision,Canaan town
Canajoharie,NY,42.899080,-74.567869,census,Canajoharie village
Canastota,NY,43.084149,-75.755495,census,Canastota village
Castle Creek,NY,42.227575,-75.918253,nominatim,Castle Creek
Castleton On Hudson,NY,42.536568,-73.747924,census,Castleton-on-Hudson village
Cayuta,NY,42.271993,-76.684886,census-subdivision,Cayuta town
Central Square,NY,43.285986,-76.141879,census,Central Square village
Champlain,NY,44.988281,-73.432429,census,Champlain village
Clifton Park,NY,42.858993,-73.822974,census-subdivision,Clifton Park town
Copiague,NY,40.670358,-73.392761,census,Copiague CDP
Corfu,NY,42.961163,-78.402610,census,Corfu village
Dansville,NY,42.562482,-77.696927,census,Dansville village
East Syracuse,NY,43.063823,-76.069789,census,East Syracuse village
Elmira,NY,42.093388,-76.809610,census,Elmira city
Fort Ann,NY,43.415731,-73.490513,census,Fort Ann village
Fort Edward,NY,43.268618,-73.582617,census,Fort Edward village
Fultonville,NY,42.946229,-74.369778,census,Fultonville village
Gansevoort,NY,43.196205,-73.651397,nominatim,Gansevoort
Glenmont,NY,42.604802,-73.769566,nominatim,Glenmont
Harpursville,NY,42.178412,-75.624630,nominatim,Harpursville
Henrietta,NY,43.054316,-77.640078,census-subdivision,Henrietta town
Hogansburg,NY,44.973936,-74.663242,nominatim,Hogansburg
Horseheads,NY,42.168632,-76.829658,census,Horseheads village
Irving,NY,42.567559,-79.112817,nominatim,Irving
Islandia,NY,40.806862,-73.171084,census,Islandia village
Jamestown,NY,42.097603,-79.236135,census,Jamestown city
Jordan,NY,43.067069,-76.472920,census,Jordan village
La Fayette,NY,,,unmatched,
Lancaster,NY,42.900600,-78.668775,census,Lancaster village
Lewis,NY,44.318369,-73.581246,census-subdivision,Lewis town
Limestone,NY,42.017267,-78.631327,census,Limestone CDP
Liverpool,NY,43.105566,-76.209664,census,Liverpool village
Livingston,NY,42.138944,-73.797118,census-subdivision,Livingston town
Mc Graw,NY,,,unmatched,
Medford,NY,40.821979,-72.985918,census,Medford CDP
Montezuma,NY,43.013147,-76.698035,census-subdivision,Montezuma town
Montgomery,NY,41.521266,-74.238661,census,Montgomery village
New Hampton,NY,41.409866,-74.411744,nominatim,New Hampton
Newburgh,NY,41.503249,-74.019640,census,Newburgh city
Niagara Falls,NY,43.092841,-79.014743,census,Niagara Falls city
Nichols,NY,42.020017,-76.370402,census,Nichols village
Oneonta,NY,42.454818,-75.066884,census,Oneonta city
Otego,NY,42.392799,-75.180071,census,Otego village
Painted Post,NY,42.163762,-77.092384,census,Painted Post village
Parish,NY,43.405802,-76.126370,census,Parish village
Peru,NY,44.579326,-73.533292,census,Peru CDP
Phelps,NY,42.958057,-77.062121,census,Phelps village
Plattsburgh,NY,44.692025,-73.458276,census,Plattsburgh city
Pulaski,NY,43.565504,-76.126035,census,Pulaski village
Queensbury,NY,43.368207,-73.673872,census-subdivision,Queensbury town
Randolph,NY,42.162290,-78.979690,census,Randolph CDP
Red Creek,NY,43.247903,-76.722852,census,Red Creek village
Ripley,NY,42.265686,-79.712302,census,Ripley CDP
Rochester,NY,43.169927,-77.616891,census,Rochester city
Rome,NY,43.226002,-75.489523,census,Rome city
Salamanca,NY,42.163328,-78.725158,census,Salamanca city
Sanborn,NY,43.145054,-78.877748,census,Sanborn CDP
Sangerfield,NY,42.891607,-75.380220,census-subdivision,Sangerfield town
Schenectady,NY,42.802641,-73.927200,census,Schenectady city
Seneca Falls,NY,42.911607,-76.797058,census,Seneca Falls CDP
Syracuse,NY,43.040998,-76.143554,census,Syracuse city
Ticonderoga,NY,43.842344,-73.423035,census,Ticonderoga CDP
Tully,NY,42.798186,-76.110237,census,Tully village
Utica,NY,43.096382,-75.225983,census,Utica city
Waterloo,NY,42.904586,-76.859023,census,Waterloo village
Watertown,NY,43.973292,-75.910039,census,Watertown city
Weedsport,NY,43.048124,-76.563607,census,Weedsport village
West Coxsackie,NY,42.360640,-73.816792,nominatim,West Coxsackie
Wolcott,NY,43.222785,-76.812133,census,Wolcott village
Yorkshire,NY,42.523364,-78.475525,census,Yorkshire CDP
Akron,OH,41.080456,-81.521429,census,Akron city
Alvada,OH,41.050332,-83.401869,nominatim,Alvada
Amherst,OH,41.405329,-82.231725,census,Amherst city
Anna,OH,40.395364,-84.175659,census,Anna village
Ashland,OH,40.867068,-82.315152,census,Ashland city
Ashville,OH,39.725092,-82.955291,census,Ashville village
Austinburg,OH,41.769168,-80.855605,census,Austinburg CDP
Avon,OH,41.445100,-82.005109,census,Avon city
Barberton,OH,41.006903,-81.604390,census,Barberton city
Beaverdam,OH,40.832487,-83.973383,census,Beaverdam village
Bedford,OH,41.392123,-81.534680,census,Bedford city
Bellefontaine,OH,40.362468,-83.762780,census,Bellefontaine city
Bellville,OH,40.617729,-82.513147,census,Bellville village
Belmont,OH,40.027979,-81.040933,census,Belmont village
Berea,OH,41.370548,-81.861757,census,Berea city
Bidwell,OH,38.920936,-82.285388,census,Bidwell CDP
Bradner,OH,41.323884,-83.436366,census,Bradner village
Broadview Heights,OH,41.318156,-81.679262,census,Broadview Heights city
Brookpark,OH,,,unmatched,
Brookville,OH,39.839007,-84.416278,census,Brookville city
Bucyrus,OH,40.805119,-82.971632,census,Bucyrus city
Burbank,OH,40.986232,-81.994840,census,Burbank village
Caldwell,OH,39.746354,-81.512976,census,Caldwell village
Cambridge,OH,40.020933,-81.585468,census,Cambridge city
Canton,OH,40.807650,-81.367228,census,Canton city
Carey,OH,40.945814,-83.386095,census,Carey village
Carroll,OH,39.802585,-82.706178,census,Carroll village
Carrollton,OH,40.578747,-81.090820,census,Carrollton village
Chillicothe,OH,39.340502,-82.996102,census,Chillicothe city
Cincinnati,OH,39.140183,-84.505829,census,Cincinnati city
Circleville,OH,39.601152,-82.932515,census,Circleville city
Cleveland,OH,41.478462,-81.679435,census,Cleveland city
Clyde,OH,41.303585,-82.979425,census,Clyde city
Columbus,OH,39.985531,-82.985594,census,Columbus city
Conneaut,OH,41.927299,-80.568382,census,Conneaut city
Coolville,OH,39.216237,-81.799648,census,Coolville village
Coshocton,OH,40.261752,-81.847292,census,Coshocton city
Dalton,OH,40.799562,-81.703719,census,Dalton village
Dayton,OH,39.784743,-84.199632,census,Dayton city
Delaware,OH,40.286476,-83.074864,census,Delaware city
Delphos,OH,40.846581,-84.336474,census,Delphos city
Delta,OH,41.579283,-84.020862,census,Delta village
Diamond,OH,41.098946,-81.022871,nominatim,Diamond
Dover,OH,40.530048,-81.481028,census,Dover city
Eaton,OH,39.750107,-84.634469,census,Eaton city
Edon,OH,41.556168,-84.769373,census,Edon village
Elyria,OH,41.378235,-82.104505,census,Elyria city
Etna,OH,39.955172,-82.686083,census,Etna CDP
Fairborn,OH,39.799578,-84.008482,census,Fairborn city
Findlay,OH,41.047364,-83.638093,census,Findlay city
Franklin,OH,39.554951,-84.295728,census,Franklin city
Fremont,OH,41.353501,-83.113356,census,Fremont city
Galion,OH,40.738216,-82.781327,census,Galion city
Gallipolis,OH,38.820082,-82.190972,census,Gallipolis village
Geneva,OH,41.800749,-80.946251,census,Geneva city
Genoa,OH,41.518541,-83.364262,census,Genoa village
Girard,OH,41.165648,-80.696089,census,Girard city
Grafton,OH,41.284140,-82.029968,census,Grafton village
Greenville,OH,40.104708,-84.621450,census,Greenville city
Groveport,OH,39.857337,-82.891442,census,Groveport city
Hannibal,OH,39.671843,-80.871549,census,Hannibal CDP
Harrison,OH,39.256580,-84.786202,census,Harrison city
Hebron,OH,39.965248,-82.486506,census,Hebron village
Holland,OH,41.619253,-83.708216,census,Holland village
Hubbard,OH,41.158121,-80.564651,census,Hubbard city
Ironton,OH,38.532596,-82.678090,census,Ironton city
Jackson,OH,39.044460,-82.644658,census,Jackson city
Jeffersonville,OH,39.649616,-83.558138,census,Jeffersonville village
Kent,OH,41.147561,-81.361965,census,Kent city
Kingsville,OH,41.882032,-80.674965,census,Kingsville CDP
Lancaster,OH,39.725228,-82.605246,census,Lancaster city
Lebanon,OH,39.425551,-84.213189,census,Lebanon city
Lima,OH,40.740679,-84.112091,census,Lima city
Lockbourne,OH,39.808900,-82.987294,census,Lockbourne village
London,OH,39.892845,-83.438875,census,London city
Lore City,OH,39.983203,-81.460077,census,Lore City village
Lowellville,OH,41.037167,-80.542180,census,Lowellville village
Madison,OH,41.772258,-81.052983,census,Madison village
Malvern,OH,40.689494,-81.180409,census,Malvern village
Mansfield,OH,40.766720,-82.530820,census,Mansfield city
Mantua,OH,41.281952,-81.222399,census,Mantua village
Marengo,OH,40.400820,-82.810994,census,Marengo village
Marietta,OH,39.423166,-81.446426,census,Marietta city
Marion,OH,40.596746,-83.123185,census,Marion city
Mason,OH,39.360722,-84.295867,census,Mason city
Massillon,OH,40.784483,-81.525216,census,Massillon city
Maumee,OH,41.571125,-83.666250,census,Maumee city
Mendon,OH,40.672717,-84.517854,census,Mendon village
Middletown,OH,39.502952,-84.364893,census,Middletown city
Millbury,OH,41.564731,-83.425516,census,Millbury village
Millersport,OH,39.896382,-82.541954,census,Millersport village
Monroe,OH,39.445990,-84.365772,census,Monroe city
Monroeville,OH,41.243843,-82.702575,census,Monroeville village
Montpelier,OH,41.584246,-84.591569,census,Montpelier village
Mount Eaton,OH,40.694805,-81.702164,census,Mount Eaton village
Mount Gilead,OH,40.554047,-82.827904,census,Mount Gilead village
Napoleon,OH,41.397969,-84.124984,census,Napoleon city
New Carlisle,OH,39.944443,-84.027667,census,New Carlisle city
New Concord,OH,39.993658,-81.738064,census,New Concord village
New Paris,OH,39.856678,-84.791916,census,New Paris village
New Philadelphia,OH,40.486484,-81.440151,census,New Philadelphia city
New Springfield,OH,40.917919,-80.600673,census,New Springfield CDP
Newcomerstown,OH,40.275264,-81.596034,census,Newcomerstown village
Newton Falls,OH,41.192553,-80.967979,census,Newton Falls village
North Baltimore,OH,41.179853,-83.668665,census,North Baltimore village
North Canton,OH,40.874177,-81.397228,census,North Canton city
North Jackson,OH,41.100127,-80.857174,nominatim,North Jackson
North Lima,OH,40.947372,-80.664007,census,North Lima CDP
Norwalk,OH,41.244573,-82.608950,census,Norwalk city
Oregon,OH,41.655956,-83.438325,census,Oregon city
Orrville,OH,40.848267,-81.776894,census,Orrville city
Parkman,OH,41.372206,-81.055012,census,Parkman CDP
Paulding,OH,41.142663,-84.582657,census,Paulding village
Perrysburg,OH,41.538986,-83.644132,census,Perrysburg city
Port Clinton,OH,41.509718,-82.938339,census,Port Clinton city
Quaker City,OH,39.969656,-81.297357,census,Quaker City village
Ravenna,OH,41.161567,-81.242058,census,Ravenna city
Richfield,OH,41.233132,-81.643941,census,Richfield village
Rittman,OH,40.973373,-81.784583,census,Rittman city
Rockbridge,OH,39.586228,-82.526229,census,Rockbridge CDP
Rossford,OH,41.577572,-83.572178,census,Rossford city
Sandusky,OH,41.455885,-82.714436,census,Sandusky city
Sardinia,OH,39.007113,-83.802101,census,Sardinia village
Seville,OH,41.020726,-81.867136,census,Seville village
Shelby,OH,40.885138,-82.658308,census,Shelby city
Sidney,OH,40.289527,-84.166729,census,Sidney city
South Vienna,OH,39.929321,-83.613934,census,South Vienna village
Springfield,OH,39.928908,-83.794241,census,Springfield city
Steubenville,OH,40.366310,-80.657061,census,Steubenville city
Strasburg,OH,40.600584,-81.529330,census,Strasburg village
Sunbury,OH,40.242041,-82.870763,census,Sunbury city
Tiffin,OH,41.116422,-83.179478,census,Tiffin city
Tipp City,OH,39.964474,-84.186380,census,Tipp City city
Toledo,OH,41.664071,-83.581861,census,Toledo city
Troy,OH,40.041012,-84.222355,census,Troy city
Twinsburg,OH,41.322594,-81.443123,census,Twinsburg city
Upper Sandusky,OH,40.830669,-83.270709,census,Upper Sandusky city
Vandalia,OH,39.878977,-84.192224,census,Vandalia city
Wadsworth,OH,41.027436,-81.732205,census,Wadsworth city
Wapakoneta,OH,40.565229,-84.190695,census,Wapakoneta city
Warren,OH,41.239564,-80.816015,census,Warren city
Waterville,OH,41.501971,-83.736852,census,Waterville city
Wauseon,OH,41.553441,-84.140136,census,Wauseon city
Waverly,OH,39.125970,-82.983687,census,Waverly village
West Unity,OH,41.588977,-84.430295,census,West Unity village
Willard,OH,41.051941,-82.723533,census,Willard city
Willoughby,OH,41.645285,-81.414353,census,Willoughby city
Wilmington,OH,39.429125,-83.816172,census,Wilmington city
Wooster,OH,40.819060,-81.931557,census,Wooster city
Youngstown,OH,41.099095,-80.645902,census,Youngstown city
Zanesville,OH,39.957027,-82.011954,census,Zanesville city
Ada,OK,34.767914,-96.669114,census,Ada city
Afton,OK,36.696535,-94.957463,census,Afton town
Allen,OK,34.877628,-96.412889,census,Allen town
Altus,OK,34.657061,-99.309046,census,Altus city
Alva,OK,36.789566,-98.664877,census,Alva city
Anadarko,OK,35.065296,-98.244469,census,Anadarko city
Ardmore,OK,34.196507,-97.131848,census,Ardmore city
Arnett,OK,36.134487,-99.772706,census,Arnett town
Atoka,OK,34.386353,-96.131101,census,Atoka city
Bartlesville,OK,36.737668,-95.948454,census,Bartlesville city
Big Cabin,OK,36.537602,-95.229368,census,Big Cabin town
Billings,OK,36.537595,-97.441749,census,Billings town
Blackwell,OK,36.801341,-97.300871,census,Blackwell city
Boise City,OK,36.731336,-102.509522,census,Boise City city
Braman,OK,36.923644,-97.335815,census,Braman town
Broken Arrow,OK,36.036529,-95.780996,census,Broken Arrow city
Broken Bow,OK,34.028862,-94.741357,census,Broken Bow city
CHANDLER,OK,35.712784,-96.836198,census,Chandler city
Calera,OK,33.930829,-96.429060,census,Calera town
Calumet,OK,35.601385,-98.124786,census,Calumet town
Checotah,OK,35.482436,-95.522818,census,Checotah city
Cherokee,OK,36.750694,-98.357667,census,Cherokee city
Chickasha,OK,35.040543,-97.947173,census,Chickasha city
Choctaw,OK,35.484983,-97.269942,census,Choctaw city
Chouteau,OK,36.189507,-95.338902,census,Chouteau town
Clinton,OK,35.507101,-98.970503,census,Clinton city
Copan,OK,36.900473,-95.925291,census,Copan town
Davis,OK,34.429427,-97.174438,census,Davis city
Dewey,OK,36.790402,-95.933712,census,Dewey city
Drumright,OK,35.989923,-96.597424,census,Drumright city
Duncan,OK,34.481607,-97.960537,census,Duncan city
Durant,OK,33.995153,-96.392540,census,Durant city
Edmond,OK,35.673807,-97.413076,census,Edmond city
El Reno,OK,35.541833,-97.961268,census,El Reno city
Elk City,OK,35.389612,-99.428749,census,Elk City city
Enid,OK,36.406702,-97.869861,census,Enid city
Erick,OK,35.215604,-99.868683,census,Erick city
Eufaula,OK,35.292114,-95.586425,census,Eufaula city
Geary,OK,35.637076,-98.316976,census,Geary city
Grant,OK,33.936486,-95.517868,census,Grant CDP
Guthrie,OK,35.876512,-97.408657,census,Guthrie city
Guymon,OK,36.690101,-101.477046,census,Guymon city
Heavener,OK,34.891965,-94.607790,census,Heavener city
Hennessey,OK,36.105811,-97.898615,census,Hennessey town
Henryetta,OK,35.441655,-95.986416,census,Henryetta city
Hinton,OK,35.493227,-98.354723,census,Hinton town
Hooker,OK,36.861360,-101.216256,census,Hooker city
Hugo,OK,34.011584,-95.512179,census,Hugo city
Idabel,OK,33.907406,-94.822174,census,Idabel city
Kingfisher,OK,35.844726,-97.939308,census,Kingfisher city
Kiowa,OK,34.723294,-95.902895,census,Kiowa town
Lawton,OK,34.617172,-98.421400,census,Lawton city
Lindsay,OK,34.840485,-97.609851,census,Lindsay city
Madill,OK,34.087080,-96.774665,census,Madill city
Marietta,OK,33.936172,-97.124716,census,Marietta city
Marlow,OK,34.631114,-97.956659,census,Marlow city
McAlester,OK,34.926128,-95.773619,census,McAlester city
Muldrow,OK,35.403420,-94.597523,census,Muldrow town
Muskogee,OK,35.743797,-95.356405,census,Muskogee city
Newcastle,OK,35.242395,-97.595336,census,Newcastle city
Newkirk,OK,36.881797,-97.055292,census,Newkirk city
Ninnekah,OK,34.964011,-97.944707,census,Ninnekah town
Norman,OK,35.240569,-97.345299,census,Norman city
Nowata,OK,36.699265,-95.637465,census,Nowata city
Okemah,OK,35.429269,-96.300309,census,Okemah city
Oklahoma City,OK,35.467079,-97.513657,census,Oklahoma City city
Okmulgee,OK,35.625162,-95.954032,census,Okmulgee city
Oologah,OK,36.443778,-95.708911,census,Oologah town
Pauls Valley,OK,34.710206,-97.224027,census,Pauls Valley city
Pawnee,OK,36.351480,-96.800504,census,Pawnee city
Perkins,OK,35.979763,-97.031290,census,Perkins city
Perry,OK,36.280149,-97.308190,census,Perry city
Poteau,OK,35.066650,-94.610269,census,Poteau city
Pryor,OK,36.299675,-95.311286,census-prefix,Pryor Creek city
Randlett,OK,34.177347,-98.463921,census,Randlett town
Red Rock,OK,36.460071,-97.179608,census,Red Rock town
Roland,OK,35.413179,-94.508525,census,Roland town
S Coffeyville,OK,36.994525,-95.620255,nominatim,South Coffeyville
Sapulpa,OK,36.004206,-96.123275,census,Sapulpa city
Sayre,OK,35.295653,-99.628239,census,Sayre city
Seiling,OK,36.144651,-98.925437,census,Seiling city
Seminole,OK,35.234772,-96.649329,census,Seminole city
Shattuck,OK,36.264970,-99.877431,census,Shattuck town
Shawnee,OK,35.369413,-96.956408,census,Shawnee city
Springer,OK,34.295620,-97.117450,census,Springer town
Stillwater,OK,36.131496,-97.074464,census,Stillwater city
Stringtown,OK,34.469600,-96.055521,census,Stringtown town
Stroud,OK,35.768874,-96.650062,census,Stroud city
Texhoma,OK,36.505405,-101.787387,census,Texhoma town
Thackerville,OK,33.787526,-97.139182,census,Thackerville town
Thomas,OK,35.744773,-98.739686,census,Thomas city
Tonkawa,OK,36.670589,-97.315028,census,Tonkawa city
Tulsa,OK,36.127949,-95.902316,census,Tulsa city
Tupelo,OK,34.602685,-96.420791,census,Tupelo city
Union City,OK,35.399523,-97.906705,census,Union City town
Valliant,OK,34.007542,-95.084904,census,Valliant town
Vinita,OK,36.644152,-95.062183,census,Vinita city
Walters,OK,34.358433,-98.356883,census,Walters city
Warner,OK,35.491693,-95.308945,census,Warner town
Watonga,OK,35.847503,-98.402734,census,Watonga city
Watts,OK,36.106512,-94.573885,census,Watts town
Waurika,OK,34.183749,-98.026298,census,Waurika city
Weatherford,OK,35.537395,-98.684345,census,Weatherford city
Webbers Falls,OK,35.517003,-95.164221,census,Webbers Falls town
Welch,OK,36.874408,-95.094399,census,Welch town
Woodward,OK,36.424832,-99.404726,census,Woodward city
Wynnewood,OK,34.642789,-97.162467,census,Wynnewood city
Yukon,OK,35.518409,-97.766172,census,Yukon city
Ayr,ON,43.285512,-80.450701,nominatim,Ayr
Belleville,ON,44.163326,-77.385256,nominatim,Belleville
Brampton,ON,43.685832,-79.759937,nominatim,Brampton
Brantford,ON,43.140816,-80.263173,nominatim,Brantford
Burlington,ON,43.324892,-79.796684,nominatim,Burlington
Cochrane,ON,49.066668,-81.017303,nominatim,Cochrane
Concord,ON,43.800362,-79.499388,nominatim,Concord
Cookstown,ON,44.189755,-79.701702,nominatim,Cookstown
Dryden,ON,49.785698,-92.835846,nominatim,Dryden
Etobicoke,ON,43.643556,-79.565633,nominatim,Etobicoke
Fort Erie,ON,42.913080,-78.918611,nominatim,Fort Erie
Gloucester,ON,45.354631,-75.601766,nominatim,Gloucester-Southgate
Hamilton,ON,43.256080,-79.872858,nominatim,Hamilton
Hornby,ON,43.568529,-79.841421,nominatim,Hornby
Inglewood,ON,43.796428,-79.933482,nominatim,Inglewood
Kapuskasing,ON,49.416667,-82.433333,nominatim,Kapuskasing
Kingston,ON,44.230687,-76.481323,nominatim,Kingston
Kitchener,ON,43.451291,-80.492782,nominatim,Kitchener
Lancaster,ON,45.141266,-74.499949,nominatim,Lancaster
London,ON,42.983675,-81.249607,nominatim,London
Milton,ON,43.513671,-79.882817,nominatim,Milton
Mississauga,ON,43.588473,-79.643658,nominatim,Mississauga
Napanee,ON,44.247388,-76.950554,nominatim,Greater Napanee
Oldcastle,ON,42.226326,-82.958005,nominatim,Oldcastle
Orono,ON,43.975028,-78.616447,nominatim,Orono
Pass Lake,ON,,,unmatched,
Pickering,ON,43.835765,-79.090576,nominatim,Pickering
Sarnia,ON,42.974382,-82.403533,nominatim,Sarnia
Sault Ste Marie,ON,46.512655,-84.333030,nominatim,Sault Ste. Marie
Sudbury,ON,46.492720,-80.991211,nominatim,Greater Sudbury
Tilbury,ON,42.259315,-82.432268,nominatim,Tilbury
Windsor,ON,42.316740,-83.037339,nominatim,Windsor
Wyoming,ON,42.949297,-82.118733,nominatim,Wyoming
Albany,OR,44.626928,-123.096741,census,Albany city
Aurora,OR,45.228317,-122.757227,census,Aurora city
Baker City,OR,44.774972,-117.831808,census,Baker City city
Boardman,OR,45.836507,-119.692793,census,Boardman city
Halsey,OR,44.382845,-123.109487,census,Halsey city
Hermiston,OR,45.832915,-119.284780,census,Hermiston city
Huntington,OR,44.350086,-117.266763,census,Huntington city
La Grande,OR,45.324471,-118.086891,census,La Grande city
Madras,OR,44.663897,-121.160438,census,Madras city
Ontario,OR,44.025336,-116.977368,census,Ontario city
Pendleton,OR,45.675609,-118.819548,census,Pendleton city
Portland,OR,45.536951,-122.649971,census,Portland city
Salem,OR,44.923900,-123.023007,census,Salem city
Stanfield,OR,45.782187,-119.216064,census,Stanfield city
Troutdale,OR,45.539220,-122.392673,census,Troutdale city
Umatilla,OR,45.917612,-119.331979,census,Umatilla city
Wasco,OR,45.591657,-120.697464,census,Wasco city
Alexandria,PA,40.558438,-78.099883,census,Alexandria borough
Allentown,PA,40.593648,-75.478393,census,Allentown city
Altoona,PA,40.508052,-78.401114,census,Altoona city
Annville,PA,40.332505,-76.507684,census,Annville CDP
Ashland,PA,40.781106,-76.345046,census,Ashland borough
Avis,PA,41.185691,-77.316486,census,Avis borough
Baden,PA,40.639695,-80.222537,census,Baden borough
Bedford,PA,40.015115,-78.503017,census,Bedford borough
Bellefonte,PA,40.914213,-77.768197,census,Bellefonte borough
Bensalem,PA,40.106196,-74.943689,census-subdivision,Bensalem township
Bentleyville,PA,40.117846,-80.004420,census,Bentleyville borough
Bethel,PA,40.476483,-76.287970,census,Bethel CDP
Blairsville,PA,40.432490,-79.259881,census,Blairsville borough
Blakeslee,PA,41.092513,-75.592668,nominatim,Blakeslee
Bloomsburg,PA,41.002717,-76.456580,census,Bloomsburg town
Blossburg,PA,41.679525,-77.068951,census,Blossburg borough
Bowmansville,PA,40.201730,-76.021030,census,Bowmansville CDP
Breezewood,PA,39.999012,-78.240422,nominatim,Breezewood
Brogue,PA,39.872355,-76.484639,nominatim,Brogue
Brookville,PA,41.161676,-79.082652,census,Brookville borough
Carlisle,PA,40.199994,-77.204149,census,Carlisle borough
Chambersburg,PA,39.931433,-77.655642,census,Chambersburg borough
Clairton,PA,40.296656,-79.889026,census,Clairton municipality
Claysburg,PA,40.291448,-78.451419,census,Claysburg CDP
Clearfield,PA,41.021498,-78.439398,census,Clearfield borough
Cochranton,PA,41.519097,-80.046991,census,Cochranton borough
Coopersburg,PA,40.510368,-75.391920,census,Coopersburg borough
Coudersport,PA,41.775844,-78.016038,census,Coudersport borough
Crescent,PA,40.555653,-80.228561,census-subdivision,Crescent township
Croydon,PA,40.090348,-74.896679,census,Croydon CDP
Dalton,PA,41.537610,-75.738270,census,Dalton borough
Donegal,PA,40.112020,-79.380772,census,Donegal borough
Douglassville,PA,40.259899,-75.724228,census,Douglassville CDP
Drums,PA,41.018139,-75.994925,nominatim,Drums
Du Bois,PA,,,unmatched,
Duncannon,PA,40.395178,-77.027730,census,Duncannon borough
Duncansville,PA,40.426307,-78.430260,census,Duncansville borough
East Berlin,PA,39.936829,-76.979459,census,East Berlin borough
East Earl,PA,40.110171,-76.025953,census,East Earl CDP
East Freedom,PA,40.355235,-78.430471,census,East Freedom CDP
Ebensburg,PA,40.488120,-78.726541,census,Ebensburg borough
Eighty Four,PA,40.177698,-80.130298,census,Eighty Four CDP
Elverson,PA,40.153719,-75.830826,census,Elverson borough
Emlenton,PA,41.180245,-79.708550,census,Emlenton borough
Erie,PA,42.116594,-80.073503,census,Erie city
Etters,PA,,,unmatched,
Everett,PA,40.010867,-78.355903,census,Everett borough
Fairless Hills,PA,40.177667,-74.850960,census,Fairless Hills CDP
Falls Creek,PA,41.141959,-78.806947,census,Falls Creek borough
Fayetteville,PA,39.911433,-77.565100,census,Fayetteville CDP
Feasterville Trevose,PA,40.148406,-74.993473,nominatim,Feasterville-Trevose
Fleetwood,PA,40.456503,-75.821579,census,Fleetwood borough
Gap,PA,39.989889,-76.021247,census,Gap CDP
Gettysburg,PA,39.830597,-77.234147,census,Gettysburg borough
Gouldsboro,PA,41.245668,-75.441703,census,Gouldsboro CDP
Greencastle,PA,39.790670,-77.726674,census,Greencastle borough
Greentown,PA,41.321755,-75.305459,nominatim,Greentown
Hamburg,PA,40.556225,-75.982357,census,Hamburg borough
Harford,PA,41.781996,-75.706221,census,Harford CDP
Harrisburg,PA,40.275891,-76.885020,census,Harrisburg city
Harrisville,PA,41.136407,-80.010746,census,Harrisville borough
Hazleton,PA,40.950470,-75.972509,census,Hazleton city
Hermitage,PA,41.229752,-80.443048,census,Hermitage city
Hershey,PA,40.280010,-76.644328,census,Hershey CDP
Jim Thorpe,PA,40.857215,-75.776338,census,Jim Thorpe borough
Jonestown,PA,40.412972,-76.480726,census,Jonestown borough
Kane,PA,41.663008,-78.809016,census,Kane borough
King Of Prussia,PA,40.096029,-75.379074,census,King of Prussia CDP
Kutztown,PA,40.521313,-75.777288,census,Kutztown borough
Lake Ariel,PA,41.453975,-75.382681,nominatim,Lake Ariel
Lamar,PA,41.010035,-77.523444,census,Lamar CDP
Lancaster,PA,40.042061,-76.300990,census,Lancaster city
Lawrenceville,PA,41.996136,-77.130392,census,Lawrenceville borough
Lebanon,PA,40.341193,-76.422735,census,Lebanon city
Leesport,PA,40.444433,-75.967191,census,Leesport borough
Leola,PA,40.092953,-76.188963,census,Leola CDP
Levittown,PA,40.152343,-74.852340,census,Levittown CDP
Liberty,PA,40.321700,-79.863158,census,Liberty borough
Lock Haven,PA,41.137115,-77.453239,census,Lock Haven city
Loganton,PA,41.034229,-77.302333,census,Loganton borough
Loretto,PA,40.508398,-78.635148,census,Loretto borough
Manheim,PA,40.163273,-76.395973,census,Manheim borough
Marietta,PA,40.057043,-76.551723,census,Marietta borough
Mc Kees Rocks,PA,40.465624,-80.065611,nominatim,McKees Rocks
Mechanicsburg,PA,40.211404,-77.005930,census,Mechanicsburg borough
Mercersburg,PA,39.831886,-77.902890,census,Mercersburg borough
Middlebury Center,PA,41.843684,-77.274420,nominatim,Middlebury Center
Middletown,PA,40.200888,-76.729183,census,Middletown borough
Mifflintown,PA,40.571174,-77.395140,census,Mifflintown borough
Mifflinville,PA,41.030711,-76.302779,census,Mifflinville CDP
Milesburg,PA,40.942383,-77.791686,census,Milesburg borough
Mill Hall,PA,41.105235,-77.488485,census,Mill Hall borough
Milroy,PA,40.719360,-77.589990,census,Milroy CDP
Milton,PA,41.002297,-76.851007,census,Milton borough
Monaca,PA,40.683423,-80.273427,census,Monaca borough
Monroeton,PA,41.712575,-76.474665,nominatim,Monroeton
Monroeville,PA,40.426324,-79.761379,census,Monroeville municipality
Morrisville,PA,40.207644,-74.780269,census,Morrisville borough
Mount Morris,PA,39.733250,-80.081989,census,Mount Morris CDP
Mountain Top,PA,41.135302,-75.904430,census,Mountain Top CDP
Mountville,PA,40.040745,-76.434924,census,Mountville borough
Muncy,PA,41.202161,-76.785507,census,Muncy borough
Myerstown,PA,40.372139,-76.305579,census,Myerstown borough
Nanty Glo,PA,40.470561,-78.834011,census,Nanty-Glo borough
Natrona Heights,PA,40.623705,-79.726152,census,Natrona Heights CDP
New Alexandria,PA,40.394456,-79.417524,census,New Alexandria borough
New Cumberland,PA,40.228765,-76.878291,census,New Cumberland borough
New Milford,PA,41.876143,-75.726561,census,New Milford borough
New Stanton,PA,40.222332,-79.608800,census,New Stanton borough
Newburg,PA,40.839436,-78.684958,census,Newburg borough
North East,PA,42.213367,-79.833351,census,North East borough
Orwigsburg,PA,40.654167,-76.103989,census,Orwigsburg borough
Perryopolis,PA,40.086831,-79.752596,census,Perryopolis borough
Philadelphia,PA,40.009376,-75.133346,census,Philadelphia city
Pine Grove,PA,40.553414,-76.386016,census,Pine Grove borough
Pittsburgh,PA,40.439936,-79.975676,census,Pittsburgh city
Pittston,PA,41.327920,-75.785684,census,Pittston city
Plainfield,PA,40.201172,-77.283279,census,Plainfield CDP
Portersville,PA,40.924332,-80.146883,census,Portersville borough
Reedsville,PA,40.664911,-77.593006,census,Reedsville CDP
Ronks,PA,40.028441,-76.176080,census,Ronks CDP
Saint Thomas,PA,39.925436,-77.805123,census-subdivision,St. Thomas township
Sayre,PA,41.985722,-76.520848,census,Sayre borough
Sharon Hill,PA,39.907433,-75.267787,census,Sharon Hill borough
Shippensburg,PA,40.048733,-77.523193,census,Shippensburg borough
Shippenville,PA,41.250993,-79.462626,census,Shippenville borough
Shoemakersville,PA,40.499901,-75.969774,census,Shoemakersville borough
Slippery Rock,PA,41.069487,-80.057929,census,Slippery Rock borough
Smithton,PA,40.153808,-79.741667,census,Smithton borough
Snow Shoe,PA,41.027650,-77.949720,census,Snow Shoe borough
Somerset,PA,40.005030,-79.077855,census,Somerset borough
Stockertown,PA,40.754917,-75.262935,census,Stockertown borough
Strasburg,PA,39.984516,-76.186183,census,Strasburg borough
Tafton,PA,41.404534,-75.182953,nominatim,Tafton
Tamaqua,PA,40.804055,-75.926617,census,Tamaqua borough
Towanda,PA,41.770945,-76.446503,census,Towanda borough
Troy,PA,41.783315,-76.792222,census,Troy borough
Tunkhannock,PA,41.541084,-75.949058,census,Tunkhannock borough
Uniontown,PA,39.899302,-79.724529,census,Uniontown city
Verona,PA,40.505672,-79.841947,census,Verona borough
Warren,PA,41.842916,-79.143865,census,Warren city
Waterfall,PA,40.127583,-78.062782,nominatim,Waterfall
Wayne,PA,40.039604,-75.392660,census,Wayne CDP
Waynesburg,PA,39.898255,-80.185537,census,Waynesburg borough
White Haven,PA,41.059700,-75.786946,census,White Haven borough
Wrightsville,PA,40.023875,-76.531207,census,Wrightsville borough
Wysox,PA,41.814540,-76.377646,census-subdivision,Wysox township
York,PA,39.964798,-76.731840,census,York city
York Springs,PA,40.009301,-77.115883,census,York Springs borough
Saint-Liboire,QC,,,unmatched,
Johnston,RI,41.827440,-71.519879,census-subdivision,Johnston town
West Greenwich,RI,41.628605,-71.658874,census-subdivision,West Greenwich town
Abbeville,SC,34.178544,-82.377687,census,Abbeville city
Aiken,SC,33.531594,-81.725073,census,Aiken city
Anderson,SC,34.521487,-82.643517,census,Anderson city
Aynor,SC,34.000230,-79.207117,census,Aynor town
Batesburg,SC,33.913324,-81.528058,census-prefix,Batesburg-Leesville town
Beech Island,SC,33.428596,-81.890318,census,Beech Island CDP
Bennettsville,SC,34.628218,-79.685958,census,Bennettsville city
Bishopville,SC,34.220070,-80.247370,census,Bishopville city
Blacksburg,SC,35.122089,-81.518119,census,Blacksburg town
Blythewood,SC,34.209247,-80.995293,census,Blythewood town
Bowman,SC,33.348302,-80.684293,census,Bowman town
Branchville,SC,33.251712,-80.816078,census,Branchville town
Campobello,SC,35.125765,-82.149330,census,Campobello town
Cayce,SC,33.950498,-81.039806,census,Cayce city
Charleston,SC,32.828017,-79.972896,census,Charleston city
Chesnee,SC,35.146269,-81.863031,census,Chesnee city
Clinton,SC,34.473887,-81.860899,census,Clinton city
Columbia,SC,34.040519,-80.906099,census,Columbia city
Conway,SC,33.834533,-79.049173,census,Conway city
Cowpens,SC,35.018615,-81.804118,census,Cowpens town
Darlington,SC,34.301320,-79.867162,census,Darlington city
Dillon,SC,34.425179,-79.369294,census,Dillon city
Duncan,SC,34.930707,-82.143754,census,Duncan town
Elgin,SC,34.170209,-80.793111,census,Elgin town
Enoree,SC,34.660485,-81.962520,census,Enoree CDP
Fair Play,SC,34.508090,-82.986838,census,Fair Play CDP
Florence,SC,34.178923,-79.792217,census,Florence city
Fort Mill,SC,35.005997,-80.940000,census,Fort Mill town
Fountain Inn,SC,34.696650,-82.202129,census,Fountain Inn city
Gaffney,SC,35.073558,-81.661532,census,Gaffney city
Gaston,SC,33.818006,-81.099768,census,Gaston town
Georgetown,SC,33.372432,-79.280793,census,Georgetown city
Gilbert,SC,33.924111,-81.391042,census,Gilbert town
Graniteville,SC,33.564682,-81.809231,census,Graniteville CDP
Greenville,SC,34.836902,-82.362997,census,Greenville city
Greenwood,SC,34.195397,-82.153665,census,Greenwood city
Greer,SC,34.931799,-82.229115,census,Greer city
Hardeeville,SC,32.295308,-81.040983,census,Hardeeville city
Harleyville,SC,33.209474,-80.452653,census,Harleyville town
Hartsville,SC,34.366003,-80.083261,census,Hartsville city
Hemingway,SC,33.753319,-79.446261,census,Hemingway town
Honea Path,SC,34.447619,-82.394957,census,Honea Path town
Inman,SC,35.046134,-82.089808,census,Inman city
Jamestown,SC,33.285876,-79.694592,census,Jamestown town
Johns Island,SC,32.694850,-80.034250,nominatim,Johns Island
Ladson,SC,33.009482,-80.107993,census,Ladson CDP
Lancaster,SC,34.724035,-80.779336,census,Lancaster city
Latta,SC,34.338940,-79.433564,census,Latta town
Laurens,SC,34.502734,-82.021329,census,Laurens city
Leesville,SC,33.916532,-81.513437,nominatim,Leesville
Lexington,SC,33.992877,-81.221797,census,Lexington town
Longs,SC,33.938527,-78.733052,nominatim,Longs
Loris,SC,34.057476,-78.888420,census,Loris city
Lugoff,SC,34.211948,-80.697601,census,Lugoff CDP
Manning,SC,33.693323,-80.216761,census,Manning city
Marion,SC,34.178658,-79.395659,census,Marion city
Moncks Corner,SC,33.199763,-79.986603,census,Moncks Corner town
Newberry,SC,34.279880,-81.600333,census,Newberry city
North Augusta,SC,33.523303,-81.956566,census,North Augusta city
North Charleston,SC,32.917881,-80.065000,census,North Charleston city
Orangeburg,SC,33.493596,-80.866880,census,Orangeburg city
Pageland,SC,34.770117,-80.385705,census,Pageland town
Pelzer,SC,34.642859,-82.460473,census,Pelzer town
Piedmont,SC,34.705617,-82.466746,census,Piedmont CDP
Prosperity,SC,34.213372,-81.528386,census,Prosperity town
Ravenel,SC,32.776278,-80.231948,census,Ravenel town
Richburg,SC,34.716622,-81.019577,census,Richburg town
Rock Hill,SC,34.938216,-81.019177,census,Rock Hill city
Roebuck,SC,34.878987,-81.964442,census,Roebuck CDP
Round O,SC,32.937115,-80.540935,nominatim,Round O
Saint George,SC,33.186073,-80.579459,census,St. George town
Saint Matthews,SC,33.664640,-80.778753,census,St. Matthews town
Saint Stephen,SC,33.402629,-79.925194,census,St. Stephen town
Simpsonville,SC,34.728538,-82.256377,census,Simpsonville city
Society Hill,SC,34.510776,-79.851489,census,Society Hill town
Spartanburg,SC,34.945627,-81.925944,census,Spartanburg city
Summerton,SC,33.601475,-80.352648,census,Summerton town
Summerville,SC,33.005836,-80.179306,census,Summerville town
Sumter,SC,33.940848,-80.395543,census,Sumter city
Timmonsville,SC,34.133127,-79.940961,census,Timmonsville town
Townville,SC,34.563714,-82.898477,nominatim,Townville
Travelers Rest,SC,34.960031,-82.445009,census,Travelers Rest city
Trenton,SC,33.740557,-81.840937,census,Trenton town
Walterboro,SC,32.901114,-80.676828,census,Walterboro city
West Columbia,SC,33.990130,-81.099354,census,West Columbia city
Williston,SC,33.401663,-81.421899,census,Williston town
Winnsboro,SC,34.370540,-81.094821,census,Winnsboro town
Yemassee,SC,32.693524,-80.872604,census,Yemassee town
Aberdeen,SD,45.464678,-98.468104,census,Aberdeen city
Belle Fourche,SD,44.663798,-103.859143,census,Belle Fourche city
Beresford,SD,43.079646,-96.780224,census,Beresford city
Blunt,SD,44.515940,-99.988556,census,Blunt city
Box Elder,SD,44.110941,-103.081066,census,Box Elder city
Brandon,SD,43.592908,-96.583769,census,Brandon city
Brookings,SD,44.303364,-96.787339,census,Brookings city
Burbank,SD,42.746080,-96.832718,census,Burbank CDP
Chamberlain,SD,43.798718,-99.329604,census,Chamberlain city
Colman,SD,43.983473,-96.814745,census,Colman city
Elk Point,SD,42.681224,-96.680480,census,Elk Point city
Fort Pierre,SD,44.366596,-100.382329,census,Fort Pierre city
Freeman,SD,43.347525,-97.430791,census,Freeman city
Harrisburg,SD,43.434258,-96.712429,census,Harrisburg city
Hartford,SD,43.621459,-96.934870,census,Hartford city
Hermosa,SD,43.840434,-103.189707,census,Hermosa town
Hot Springs,SD,43.419530,-103.465089,census,Hot Springs city
Huron,SD,44.362341,-98.209571,census,Huron city
Kadoka,SD,43.828613,-101.501241,census,Kadoka city
Kimball,SD,43.746962,-98.956559,census,Kimball city
Lennox,SD,43.349369,-96.894066,census,Lennox city
Milbank,SD,45.219432,-96.633696,census,Milbank city
Mitchell,SD,43.727072,-98.042192,census,Mitchell city
Murdo,SD,43.889361,-100.714156,census,Murdo city
New Underwood,SD,44.099650,-102.838283,census,New Underwood city
North Sioux City,SD,42.535885,-96.494717,census,North Sioux City city
Piedmont,SD,44.219913,-103.376821,census,Piedmont city
Pierre,SD,44.375163,-100.319996,census,Pierre city
Plankinton,SD,43.715421,-98.483616,census,Plankinton city
Rapid City,SD,44.071071,-103.217924,census,Rapid City city
Selby,SD,45.505730,-100.032904,census,Selby city
Sioux Falls,SD,43.540696,-96.731962,census,Sioux Falls city
Spencer,SD,43.727466,-97.591110,census,Spencer city
Summit,SD,45.305573,-97.039106,census,Summit town
Tea,SD,43.455572,-96.824052,census,Tea city
Vivian,SD,43.927267,-100.301123,census,Vivian CDP
Volga,SD,44.321832,-96.922207,census,Volga city
Watertown,SD,44.909188,-97.155685,census,Watertown city
Winfred,SD,43.998795,-97.361614,census,Winfred CDP
Wolsey,SD,44.410763,-98.473892,census,Wolsey town
Yankton,SD,42.889751,-97.392687,census,Yankton city
Balgonie,SK,50.489276,-104.266906,nominatim,Balgonie
Davidson,SK,51.263985,-105.987459,nominatim,Davidson
Moose Jaw,SK,50.396721,-105.535666,nominatim,Moose Jaw
Regina,SK,50.447973,-104.615876,nominatim,Regina
Saskatoon,SK,52.131802,-106.660767,nominatim,Saskatoon
Yorkton,SK,51.212045,-102.461243,nominatim,Yorkton
Antioch,TN,36.060060,-86.672219,nominatim,Antioch
Ardmore,TN,35.004441,-86.850713,census,Ardmore city
Athens,TN,35.456809,-84.604522,census,Athens city
Baxter,TN,36.153678,-85.634922,census,Baxter town
Bristol,TN,36.558549,-82.217001,census,Bristol city
Bulls Gap,TN,36.261636,-83.078843,census,Bulls Gap town
Cedar Grove,TN,36.251720,-86.527772,nominatim,Cedar Grove
Charleston,TN,35.285693,-84.760797,census,Charleston city
Chattanooga,TN,35.065958,-85.248386,census,Chattanooga city
Christiana,TN,35.719269,-86.412922,census,Christiana CDP
Clarksville,TN,36.566430,-87.345216,census,Clarksville city
Cleveland,TN,35.180044,-84.871288,census,Cleveland city
Clinton,TN,36.097338,-84.128945,census,Clinton city
Columbia,TN,35.625616,-87.044232,census,Columbia city
Cookeville,TN,36.146926,-85.512653,census,Cookeville city
Cornersville,TN,35.363681,-86.857855,census,Cornersville town
Cross Plains,TN,36.541247,-86.676636,census,Cross Plains city
Crossville,TN,35.951539,-85.030587,census,Crossville city
Crump,TN,35.224859,-88.330789,census,Crump city
Cumberland City,TN,36.379739,-87.639869,census,Cumberland City town
Dandridge,TN,36.030124,-83.429831,census,Dandridge town
Dayton,TN,35.495406,-85.008652,census,Dayton city
Denmark,TN,35.532855,-89.003952,nominatim,Denmark
Dickson,TN,36.063320,-87.368842,census,Dickson city
Dyersburg,TN,36.046823,-89.377970,census,Dyersburg city
Fairview,TN,35.982389,-87.127020,census,Fairview city
Fayetteville,TN,35.150178,-86.562298,census,Fayetteville city
Franklin,TN,35.914025,-86.852161,census,Franklin city
Goodlettsville,TN,36.333030,-86.704229,census,Goodlettsville city
Gordonsville,TN,36.186129,-85.931490,census,Gordonsville town
Greeneville,TN,36.168016,-82.819669,census,Greeneville town
Hartford,TN,35.816765,-83.143207,nominatim,Hartford
Heiskell,TN,36.081816,-84.053982,nominatim,Heiskell
Hillsboro,TN,35.404432,-85.954094,census,Hillsboro CDP
Holladay,TN,35.871950,-88.144936,census,Holladay CDP
Hurricane Mills,TN,35.971174,-87.781969,nominatim,Hurricane Mills
Jackson,TN,35.658451,-88.837399,census,Jackson city
Jasper,TN,35.068255,-85.621162,census,Jasper town
Joelton,TN,36.313108,-86.865277,nominatim,Joelton
Kingsport,TN,36.519370,-82.543393,census,Kingsport city
Kingston,TN,35.872669,-84.504486,census,Kingston city
Kingston Springs,TN,36.081868,-87.108965,census,Kingston Springs town
Knoxville,TN,35.970680,-83.949270,census,Knoxville city
Kodak,TN,35.974532,-83.626840,nominatim,Kodak
La Vergne,TN,36.022237,-86.559384,census,La Vergne city
Lawrenceburg,TN,35.249713,-87.332502,census,Lawrenceburg city
Lebanon,TN,36.199381,-86.344634,census,Lebanon city
Lenoir City,TN,35.815836,-84.283015,census,Lenoir City city
Loudon,TN,35.737244,-84.362102,census,Loudon city
Manchester,TN,35.464125,-86.072895,census,Manchester city
Maryville,TN,35.747810,-83.980234,census,Maryville city
Mason,TN,35.412826,-89.541212,census,Mason town
Mc Donald,TN,,,unmatched,
Memphis,TN,35.109164,-89.968511,census,Memphis city
Monteagle,TN,35.235845,-85.850242,census,Monteagle town
Morrison,TN,35.607118,-85.907448,census,Morrison town
Morristown,TN,36.204351,-83.300032,census,Morristown city
Mosheim,TN,36.195896,-82.966668,census,Mosheim town
Mount Juliet,TN,36.199200,-86.509489,census,Mount Juliet city
Murfreesboro,TN,35.853915,-86.421224,census,Murfreesboro city
Nashville,TN,36.171800,-86.785002,census,Nashville-Davidson metropolitan government (balance)
Newport,TN,35.961640,-83.197695,census,Newport city
Niota,TN,35.517166,-84.549854,census,Niota city
Paris,TN,36.292739,-88.308057,census,Paris city
Pioneer,TN,36.417580,-84.314099,nominatim,Pioneer
Pleasant View,TN,36.389266,-87.045493,census,Pleasant View city
Portland,TN,36.597486,-86.526621,census,Portland city
Pulaski,TN,35.193306,-87.033547,census,Pulaski city
Ramer,TN,35.071873,-88.614889,census,Ramer city
Ripley,TN,35.744300,-89.535105,census,Ripley city
Selmer,TN,35.170593,-88.595102,census,Selmer town
Smyrna,TN,35.969019,-86.528617,census,Smyrna town
Stanton,TN,35.461332,-89.401373,census,Stanton town
Sweetwater,TN,35.602623,-84.473378,census,Sweetwater city
Tazewell,TN,36.462502,-83.567034,census,Tazewell town
Unicoi,TN,36.221771,-82.329224,census,Unicoi town
Union City,TN,36.427088,-89.047720,census,Union City city
White House,TN,36.464901,-86.668504,census,White House city
White Pine,TN,36.101255,-83.285661,census,White Pine town
Wildersville,TN,35.776654,-88.356143,census,Wildersville CDP
Abbott,TX,31.885139,-97.074106,census,Abbott city
Abilene,TX,32.454514,-99.738147,census,Abilene city
Aledo,TX,32.698282,-97.608341,census,Aledo city
Alice,TX,27.755616,-98.065812,census,Alice city
Alvarado,TX,32.409379,-97.210786,census,Alvarado city
Alvord,TX,33.357052,-97.696224,census,Alvord town
Amarillo,TX,35.199903,-101.830194,census,Amarillo city
Anahuac,TX,29.765163,-94.678502,census,Anahuac city
Andrews,TX,32.321336,-102.551846,census,Andrews city
Anna,TX,33.348167,-96.553452,census,Anna city
Anthony,TX,31.986731,-106.598634,census,Anthony town
Asherton,TX,28.446118,-99.760322,census,Asherton city
Aspermont,TX,33.140921,-100.224867,census,Aspermont town
Aubrey,TX,33.308550,-96.979088,census,Aubrey city
Austin,TX,30.298622,-97.754134,census,Austin city
Azle,TX,32.895547,-97.539230,census,Azle city
Baird,TX,32.396067,-99.395993,census,Baird city
Ballinger,TX,31.739146,-99.955413,census,Ballinger city
Bangs,TX,31.716130,-99.130320,census,Bangs city
Bastrop,TX,30.111067,-97.320934,census,Bastrop city
Beaumont,TX,30.084912,-94.145330,census,Beaumont city
Beeville,TX,28.405244,-97.748931,census,Beeville city
Belton,TX,31.052345,-97.479542,census,Belton city
Benjamin,TX,33.583606,-99.792932,census,Benjamin city
Big Lake,TX,31.194112,-101.453406,census,Big Lake city
Big Spring,TX,32.238341,-101.485739,census,Big Spring city
Blanco,TX,30.098594,-98.417106,census,Blanco city
Bogata,TX,33.469793,-95.213550,census,Bogata city
Borger,TX,35.659435,-101.402360,census,Borger city
Bowie,TX,33.556959,-97.846101,census,Bowie city
Brady,TX,31.115378,-99.345935,census,Brady city
Breckenridge,TX,32.756751,-98.912985,census,Breckenridge city
Brenham,TX,30.158160,-96.395616,census,Brenham city
Bridgeport,TX,33.210449,-97.772466,census,Bridgeport city
Bronte,TX,31.886052,-100.295123,census,Bronte town
Brownfield,TX,33.175514,-102.273429,census,Brownfield city
Brownsville,TX,25.989404,-97.480625,census,Brownsville city
Brownwood,TX,31.712856,-98.977053,census,Brownwood city
Bryan,TX,30.666016,-96.381049,census,Bryan city
Buda,TX,30.074520,-97.851239,census,Buda city
Buffalo,TX,31.458905,-96.066163,census,Buffalo city
Buna,TX,30.442708,-93.960657,census,Buna CDP
Burnet,TX,30.750626,-98.238214,census,Burnet city
Caddo Mills,TX,33.074543,-96.226924,census,Caddo Mills city
Caldwell,TX,30.529807,-96.699724,census,Caldwell city
Cameron,TX,30.860768,-96.976198,census,Cameron city
Canadian,TX,35.909678,-100.383892,census,Canadian city
Canton,TX,32.554245,-95.863534,census,Canton city
Canutillo,TX,31.918485,-106.601062,census,Canutillo CDP
Canyon,TX,34.990291,-101.918951,census,Canyon city
Carrizo Springs,TX,28.525843,-99.859255,census,Carrizo Springs city
Carrollton,TX,32.989386,-96.899940,census,Carrollton city
Carthage,TX,32.152046,-94.337111,census,Carthage city
Castroville,TX,29.362271,-98.854753,census,Castroville city
Catarina,TX,28.350178,-99.615258,census,Catarina CDP
Cedar Creek,TX,30.082341,-97.511120,census,Cedar Creek CDP
Centerville,TX,31.258315,-95.979399,census,Centerville city
Chappell Hill,TX,30.141529,-96.256719,nominatim,Chappell Hill
Childress,TX,34.435452,-100.282382,census,Childress city
Chillicothe,TX,34.255741,-99.514142,census,Chillicothe city
Cisco,TX,32.387425,-98.981920,census,Cisco city
Clarendon,TX,34.936913,-100.892111,census,Clarendon city
Claude,TX,35.107367,-101.362882,census,Claude city
Clifton,TX,31.782586,-97.584316,census,Clifton city
Clint,TX,31.590195,-106.228679,census,Clint town
Clyde,TX,32.405586,-99.503918,census,Clyde city
Coleman,TX,31.831378,-99.422201,census,Coleman city
Colorado City,TX,32.399486,-100.858304,census,Colorado City city
Comanche,TX,31.900484,-98.604364,census,Comanche city
Combes,TX,26.246514,-97.726766,census,Combes town
Comfort,TX,29.972311,-98.904698,census,Comfort CDP
Converse,TX,29.512488,-98.304625,census,Converse city
Corpus Christi,TX,27.754252,-97.173385,census,Corpus Christi city
Corrigan,TX,30.998809,-94.827486,census,Corrigan town
Corsicana,TX,32.082404,-96.466700,census,Corsicana city
Cotulla,TX,28.436376,-99.236711,census,Cotulla city
Crane,TX,31.391782,-102.350269,census,Crane city
Cross Plains,TX,32.127068,-99.165775,census,Cross Plains town
Crowell,TX,33.983561,-99.724374,census,Crowell city
Cuero,TX,29.102741,-97.287081,census,Cuero city
Daingerfield,TX,33.030488,-94.725880,census,Daingerfield city
Dalhart,TX,36.057423,-102.512212,census,Dalhart city
Dallas,TX,32.793333,-96.766513,census,Dallas city
De Leon,TX,32.111350,-98.535156,census,De Leon city
Decatur,TX,33.225912,-97.586980,census,Decatur city
Del Rio,TX,29.373045,-100.881851,census,Del Rio city
Denison,TX,33.766936,-96.580667,census,Denison city
Denton,TX,33.217449,-97.141346,census,Denton city
Denver City,TX,32.967871,-102.832225,census,Denver City town
Devine,TX,29.145834,-98.904985,census,Devine city
Diboll,TX,31.188315,-94.782885,census,Diboll city
Dilley,TX,28.667517,-99.176465,census,Dilley city
Donna,TX,26.161050,-98.038929,census,Donna city
Dripping Springs,TX,30.195936,-98.093701,census,Dripping Springs city
Dublin,TX,32.087765,-98.338865,census,Dublin city
Dumas,TX,35.862020,-101.964972,census,Dumas city
Eagle Pass,TX,28.701071,-100.476229,census,Eagle Pass city
Early,TX,31.742153,-98.936602,census,Early city
Eastland,TX,32.402156,-98.817671,census,Eastland city
Eden,TX,31.216246,-99.843965,census,Eden city
Edinburg,TX,26.318374,-98.153480,census,Edinburg city
El Paso,TX,31.847780,-106.431106,census,El Paso city
Electra,TX,34.032294,-98.920245,census,Electra city
Elgin,TX,30.354173,-97.392152,census,Elgin city
Elmendorf,TX,29.253331,-98.323027,census,Elmendorf city
Encinal,TX,28.040475,-99.354489,census,Encinal city
Ennis,TX,32.325067,-96.633799,census,Ennis city
Fabens,TX,31.513974,-106.145258,census,Fabens CDP
Fairfield,TX,31.717440,-96.170483,census,Fairfield city
Falfurrias,TX,27.224410,-98.145191,census,Falfurrias city
Flatonia,TX,29.689710,-97.105205,census,Flatonia town
Floresville,TX,29.146743,-98.165173,census,Floresville city
Fort Stockton,TX,30.892574,-102.884210,census,Fort Stockton city
Fort Worth,TX,32.781954,-97.348573,census,Fort Worth city
Franklin,TX,31.025014,-96.487494,census,Franklin city
Freer,TX,27.882178,-98.617385,census,Freer city
Friona,TX,34.639434,-102.723118,census,Friona city
Fritch,TX,35.643066,-101.596432,census,Fritch city
Gainesville,TX,33.638647,-97.148413,census,Gainesville city
Garland,TX,32.909826,-96.630334,census,Garland city
Gatesville,TX,31.438667,-97.746027,census,Gatesville city
George West,TX,28.330000,-98.118304,census,George West city
Georgetown,TX,30.668136,-97.698744,census,Georgetown city
Giddings,TX,30.183667,-96.928029,census,Giddings city
Glen Rose,TX,32.246824,-97.748052,census,Glen Rose city
Godley,TX,32.462178,-97.533084,census,Godley city
Goldthwaite,TX,31.450806,-98.573520,census,Goldthwaite city
Gonzales,TX,29.512549,-97.447205,census,Gonzales city
Gordon,TX,32.545546,-98.367183,census,Gordon city
Granbury,TX,32.432805,-97.775149,census,Granbury city
Grand Prairie,TX,32.678930,-97.020743,census,Grand Prairie city
Haltom City,TX,32.817698,-97.271152,census,Haltom City city
Hamilton,TX,31.700387,-98.119669,census,Hamilton city
Hamshire,TX,29.854808,-94.320712,census,Hamshire CDP
Hankamer,TX,29.858276,-94.626862,nominatim,Hankamer
Harlingen,TX,26.191204,-97.697383,census,Harlingen city
Harrold,TX,34.067570,-99.033091,census,Harrold CDP
Haskell,TX,33.159775,-99.732032,census,Haskell city
Haslet,TX,32.966518,-97.337825,census,Haslet city
Hawley,TX,32.606696,-99.810163,census,Hawley city
Hearne,TX,30.877062,-96.595217,census,Hearne city
Hebbronville,TX,27.324984,-98.685665,census,Hebbronville CDP
Henrietta,TX,33.814307,-98.192773,census,Henrietta city
Hereford,TX,34.822603,-102.400159,census,Hereford city
Hermleigh,TX,32.640775,-100.750485,census,Hermleigh CDP
Hewitt,TX,31.451248,-97.193315,census,Hewitt city
Hidalgo,TX,26.108943,-98.246160,census,Hidalgo city
Hillsboro,TX,32.007831,-97.115652,census,Hillsboro city
Hondo,TX,29.354242,-99.161846,census,Hondo city
Hooks,TX,33.470695,-94.286542,census,Hooks city
Horseshoe Bay,TX,30.540758,-98.380570,census,Horseshoe Bay city
Huntsville,TX,30.700542,-95.554890,census,Huntsville city
Hutchins,TX,32.643392,-96.709833,census,Hutchins city
Hutto,TX,30.540966,-97.543009,census,Hutto city
Idalou,TX,33.662399,-101.683697,census,Idalou city
Ingleside,TX,27.870608,-97.207906,census,Ingleside city
Iowa Park,TX,33.962773,-98.680872,census,Iowa Park city
Irving,TX,32.857748,-96.970022,census,Irving city
Italy,TX,32.186464,-96.885789,census,Italy town
Jacksboro,TX,33.225763,-98.159169,census,Jacksboro city
Jacksonville,TX,31.959514,-95.265705,census,Jacksonville city
Jarrell,TX,30.810264,-97.615122,census,Jarrell city
Jasper,TX,30.922681,-93.993251,census,Jasper city
Jefferson,TX,32.763494,-94.350835,census,Jefferson city
Joaquin,TX,31.965579,-94.048368,census,Joaquin city
Jourdanton,TX,28.914045,-98.540806,census,Jourdanton city
Junction,TX,30.490759,-99.773222,census,Junction city
Karnes City,TX,28.885410,-97.900505,census,Karnes City city
Kemp,TX,32.437379,-96.226017,census,Kemp city
Kermit,TX,31.853912,-103.092386,census,Kermit city
Killeen,TX,31.077669,-97.731952,census,Killeen city
Kingsville,TX,27.509201,-97.861028,census,Kingsville city
Kosse,TX,31.307383,-96.629361,census,Kosse town
Kyle,TX,29.994118,-97.883322,census,Kyle city
La Feria,TX,26.155307,-97.825027,census,La Feria city
La Vernia,TX,29.353106,-98.125777,census,La Vernia city
La Villa,TX,26.296308,-97.926912,census,La Villa city
Lamesa,TX,32.733338,-101.953773,census,Lamesa city
Lampasas,TX,31.064037,-98.182783,census,Lampasas city
Laredo,TX,27.560379,-99.489181,census,Laredo city
Leakey,TX,29.725365,-99.763068,census,Leakey city
Lenorah,TX,32.304560,-101.876248,nominatim,Lenorah
Liberty,TX,30.038834,-94.788803,census,Liberty city
Liberty Hill,TX,30.663377,-97.905506,census,Liberty Hill city
Lindale,TX,32.494132,-95.407344,census,Lindale city
Littlefield,TX,33.919183,-102.334804,census,Littlefield city
Livingston,TX,30.710043,-94.937930,census,Livingston town
Llano,TX,30.751007,-98.676524,census,Llano city
Longview,TX,32.520234,-94.761114,census,Longview city
Lorena,TX,31.383111,-97.210204,census,Lorena city
Lott,TX,31.206257,-97.033576,census,Lott city
Lubbock,TX,33.561901,-101.888883,census,Lubbock city
Lufkin,TX,31.322904,-94.729026,census,Lufkin city
Luling,TX,29.681747,-97.646696,census,Luling city
Lumberton,TX,30.255733,-94.207864,census,Lumberton city
Lytle,TX,29.233189,-98.794650,census,Lytle city
Madisonville,TX,30.954018,-95.909285,census,Madisonville city
Marble Falls,TX,30.560168,-98.277286,census,Marble Falls city
Marion,TX,29.572568,-98.142941,census,Marion city
Marlin,TX,31.308039,-96.893180,census,Marlin city
Marshall,TX,32.539159,-94.353173,census,Marshall city
Mason,TX,30.747713,-99.228603,census,Mason city
Mathis,TX,28.090919,-97.817047,census,Mathis city
Maxwell,TX,29.881897,-97.795642,nominatim,Maxwell
Mcallen,TX,26.224966,-98.246083,census,McAllen city
Memphis,TX,34.726734,-100.541655,census,Memphis city
Mentone,TX,31.707438,-103.598875,census,Mentone CDP
Mercedes,TX,26.153818,-97.912907,census,Mercedes city
Meridian,TX,31.926600,-97.649091,census,Meridian city
Merkel,TX,32.469731,-100.011096,census,Merkel town
Mesquite,TX,32.759550,-96.584164,census,Mesquite city
Mexia,TX,31.680693,-96.483203,census,Mexia city
Midland,TX,32.024642,-102.113467,census,Midland city
Midlothian,TX,32.468198,-96.990724,census,Midlothian city
Milford,TX,32.121506,-96.950010,census,Milford town
Millsap,TX,32.749910,-98.011469,census,Millsap town
Mineral Wells,TX,32.823483,-98.078798,census,Mineral Wells city
Mission,TX,26.204060,-98.325221,census,Mission city
Monahans,TX,31.655721,-103.083694,census,Monahans city
Moore,TX,29.057906,-99.005800,census,Moore CDP
Morton,TX,33.724820,-102.759210,census,Morton city
Mount Enterprise,TX,31.911639,-94.682767,census,Mount Enterprise city
Mount Pleasant,TX,33.158236,-94.974468,census,Mount Pleasant city
Mount Vernon,TX,33.177431,-95.224447,census,Mount Vernon town
Muleshoe,TX,34.229179,-102.728380,census,Muleshoe city
Nacogdoches,TX,31.612364,-94.652046,census,Nacogdoches city
Natalia,TX,29.185467,-98.852054,census,Natalia city
Navasota,TX,30.386923,-96.089807,census,Navasota city
Nederland,TX,29.969288,-94.001714,census,Nederland city
New Boston,TX,33.461110,-94.419096,census,New Boston city
New Braunfels,TX,29.699306,-98.115127,census,New Braunfels city
New Deal,TX,33.732334,-101.844475,census,New Deal town
Nixon,TX,29.269670,-97.765876,census,Nixon city
Odem,TX,27.946241,-97.587518,census,Odem city
Odessa,TX,31.880461,-102.345314,census,Odessa city
Odonnell,TX,32.965202,-101.830842,census,O'Donnell city
Olmito,TX,26.027593,-97.540059,census,Olmito CDP
Orange,TX,30.123528,-93.754548,census,Orange city
Orange Grove,TX,27.956203,-97.938553,census,Orange Grove city
Orla,TX,31.825015,-103.909010,nominatim,Orla
Ozona,TX,30.707399,-101.206059,census,Ozona CDP
Paige,TX,30.212944,-97.125841,census,Paige CDP
Palmer,TX,32.426731,-96.673833,census,Palmer town
Pampa,TX,35.547853,-100.965030,census,Pampa city
Panhandle,TX,35.346300,-101.380508,census,Panhandle town
Paris,TX,33.668929,-95.546616,census,Paris city
Pearsall,TX,28.892921,-99.097169,census,Pearsall city
Pecos,TX,31.425414,-103.495289,nominatim,Pecos
Perryton,TX,36.392868,-100.797656,census,Perryton city
Pflugerville,TX,30.447765,-97.602116,census,Pflugerville city
Pharr,TX,26.163436,-98.193890,census,Pharr city
Plains,TX,33.188332,-102.821480,census,Plains town
Plainview,TX,34.191118,-101.723500,census,Plainview city
Pleasanton,TX,28.964036,-98.495963,census,Pleasanton city
Post,TX,33.190910,-101.381519,census,Post city
Prairie Hill,TX,30.248824,-96.377187,nominatim,Prairie Hill
Premont,TX,27.358516,-98.124430,census,Premont city
Pyote,TX,31.538066,-103.122483,census,Pyote town
Quanah,TX,34.295366,-99.742889,census,Quanah city
Queen City,TX,33.150196,-94.153230,census,Queen City city
Ranger,TX,32.469491,-98.675740,census,Ranger city
Rankin,TX,31.225360,-101.939438,census,Rankin city
Red Oak,TX,32.509552,-96.783980,census,Red Oak city
Refugio,TX,28.307445,-97.274981,census,Refugio town
Rhome,TX,33.078895,-97.493199,census,Rhome city
Rice,TX,32.239260,-96.497380,census,Rice city
Rio Grande City,TX,26.380999,-98.821478,census,Rio Grande City city
Riviera,TX,27.299534,-97.798090,census,Riviera CDP
Roanoke,TX,33.014743,-97.229034,census,Roanoke city
Roans Prairie,TX,30.583655,-95.943324,nominatim,Roans Prairie
Robert Lee,TX,31.895705,-100.485006,census,Robert Lee city
Robstown,TX,27.793971,-97.669163,census,Robstown city
Rockport,TX,28.047649,-97.049971,census,Rockport city
Rockwall,TX,32.918056,-96.438050,census,Rockwall city
Ropesville,TX,33.413334,-102.155102,census,Ropesville city
Roscoe,TX,32.441934,-100.532231,census,Roscoe city
Round Mountain,TX,30.394346,-98.361174,census,Round Mountain town
Royse City,TX,32.972680,-96.318340,census,Royse City city
Salado,TX,30.948383,-97.528337,census,Salado village
San Angelo,TX,31.441078,-100.450499,census,San Angelo city
San Antonio,TX,29.462809,-98.524635,census,San Antonio city
San Augustine,TX,31.529899,-94.110894,census,San Augustine city
San Marcos,TX,29.873610,-97.936725,census,San Marcos city
Sanger,TX,33.382098,-97.165412,census,Sanger city
Santa Anna,TX,31.736914,-99.325425,census,Santa Anna town
Santo,TX,32.605585,-98.213845,census,Santo CDP
Schertz,TX,29.563327,-98.250866,census,Schertz city
Seagoville,TX,32.653383,-96.545058,census,Seagoville city
Seguin,TX,29.590227,-97.968607,census,Seguin city
Seminole,TX,32.722194,-102.649813,census,Seminole city
Seymour,TX,33.595355,-99.258500,census,Seymour city
Shamrock,TX,35.215398,-100.246086,census,Shamrock city
Sierra Blanca,TX,31.183426,-105.339540,census,Sierra Blanca CDP
Silverton,TX,34.471372,-101.304049,census,Silverton city
Sinton,TX,28.037188,-97.501457,census,Sinton city
Slaton,TX,33.445472,-101.650919,census,Slaton city
Smyer,TX,33.587382,-102.163501,census,Smyer town
Snyder,TX,32.713561,-100.911902,census,Snyder city
Sonora,TX,30.570654,-100.641767,census,Sonora city
Sour Lake,TX,30.137746,-94.404277,census,Sour Lake city
Springtown,TX,32.969300,-97.680424,census,Springtown city
Spur,TX,33.476582,-100.850215,census,Spur city
Stamford,TX,33.046193,-99.597021,census,Stamford city
Stanton,TX,32.131695,-101.792457,census,Stanton city
Stephenville,TX,32.214544,-98.219885,census,Stephenville city
Sterling City,TX,31.839175,-100.985878,census,Sterling City city
Stockdale,TX,29.235974,-97.963888,census,Stockdale city
Stratford,TX,36.337568,-102.076030,census,Stratford city
Sudan,TX,34.066414,-102.524194,census,Sudan city
Sulphur Springs,TX,33.143108,-95.614702,census,Sulphur Springs city
Sweetwater,TX,32.469389,-100.408651,census,Sweetwater city
Teague,TX,31.629487,-96.280818,census,Teague city
Temple,TX,31.104936,-97.388512,census,Temple city
Tenaha,TX,31.943709,-94.245706,census,Tenaha town
Terrell,TX,32.725827,-96.298003,census,Terrell city
Texarkana,TX,33.449204,-94.085008,census,Texarkana city
Texline,TX,36.376494,-103.018876,census,Texline town
Three Rivers,TX,28.466853,-98.177947,census,Three Rivers city
Tilden,TX,28.459855,-98.548677,census,Tilden CDP
Timpson,TX,31.906912,-94.397056,census,Timpson city
Trenton,TX,33.426257,-96.344594,census,Trenton city
Trinity,TX,30.944452,-95.373563,census,Trinity city
Troy,TX,31.193975,-97.300295,census,Troy city
Tulia,TX,34.537864,-101.774434,census,Tulia city
Tuscola,TX,32.211560,-99.798256,census,Tuscola city
Tye,TX,32.452233,-99.866585,census,Tye city
Uvalde,TX,29.215184,-99.777215,census,Uvalde city
Van Horn,TX,31.040670,-104.834156,census,Van Horn town
Vega,TX,35.245302,-102.429247,census,Vega city
Vernon,TX,34.147664,-99.300427,census,Vernon city
Vidor,TX,30.128139,-93.991733,census,Vidor city
Von Ormy,TX,29.277391,-98.657373,census,Von Ormy city
Waco,TX,31.557994,-97.189750,census,Waco city
Wall,TX,31.374346,-100.303660,nominatim,Wall
Waxahachie,TX,32.402480,-96.844493,census,Waxahachie city
Weatherford,TX,32.755397,-97.765731,census,Weatherford city
Weslaco,TX,26.160549,-97.987654,census,Weslaco city
White Deer,TX,35.433397,-101.175846,census,White Deer town
Whitesboro,TX,33.659580,-96.903694,census,Whitesboro city
Whitney,TX,31.952447,-97.319770,census,Whitney town
Wichita Falls,TX,33.906654,-98.525848,census,Wichita Falls city
Wickett,TX,31.567325,-103.005948,census,Wickett town
Wilmer,TX,32.597428,-96.680905,census,Wilmer city
Winfield,TX,33.165434,-95.111225,census,Winfield city
Wink,TX,31.754497,-103.154117,census,Wink city
Winnie,TX,29.816716,-94.380673,census,Winnie CDP
Winters,TX,31.949127,-99.959308,census,Winters city
Wolfforth,TX,33.508510,-102.005497,census,Wolfforth city
Woodville,TX,30.774433,-94.422454,census,Woodville town
Woodway,TX,31.498334,-97.230789,census,Woodway city
Wylie,TX,33.029144,-96.527032,census,Wylie city
American Fork,UT,40.377877,-111.795074,census,American Fork city
Beaver,UT,38.275872,-112.638098,census,Beaver city
Brigham City,UT,41.505904,-112.051418,census,Brigham City city
Castle Dale,UT,39.221661,-111.022676,census,Castle Dale city
Cedar City,UT,37.683847,-113.095566,census,Cedar City city
Clearfield,UT,41.097012,-112.017920,census,Clearfield city
Corinne,UT,41.551464,-112.125015,census,Corinne city
Draper,UT,40.497150,-111.864636,census,Draper city
Fillmore,UT,38.964259,-112.338671,census,Fillmore city
Green River,UT,38.993460,-110.173424,census,Green River city
Gunnison,UT,39.156930,-111.813516,census,Gunnison city
Helper,UT,39.689628,-110.859599,census,Helper city
Logan,UT,41.740256,-111.841764,census,Logan city
Magna,UT,40.759538,-112.182730,census,Magna city
Moab,UT,38.570083,-109.547811,census,Moab city
Mona,UT,39.811804,-111.841529,census,Mona city
Monticello,UT,37.868534,-109.336200,census,Monticello city
Myton,UT,40.193265,-110.062512,census,Myton city
Nephi,UT,39.704759,-111.833365,census,Nephi city
North Salt Lake,UT,40.847116,-111.918780,census,North Salt Lake city
Ogden,UT,41.228391,-111.968147,census,Ogden city
Orem,UT,40.298067,-111.699463,census,Orem city
Park City,UT,40.657328,-111.493756,census,Park City city
Parowan,UT,37.832697,-112.830382,census,Parowan city
Plymouth,UT,41.873587,-112.146778,census,Plymouth town
Richfield,UT,38.761317,-112.092855,census,Richfield city
Riverton,UT,40.517634,-111.963515,census,Riverton city
Roosevelt,UT,40.287727,-109.987983,census,Roosevelt city
SALINA,UT,38.938839,-111.865209,census,Salina city
Saint George,UT,37.077006,-113.576534,census,St. George city
Salina,UT,38.938839,-111.865209,census,Salina city
Salt Lake City,UT,40.776928,-111.930991,census,Salt Lake City city
Santaquin,UT,39.969893,-111.794431,census,Santaquin city
Scipio,UT,39.249080,-112.104411,census,Scipio town
Snowville,UT,41.972822,-112.716407,census,Snowville town
Springville,UT,40.164273,-111.619525,census,Springville city
Tooele,UT,40.539396,-112.307843,census,Tooele city
Tremonton,UT,41.718178,-112.187719,census,Tremonton city
Vernal,UT,40.451670,-109.538083,census,Vernal city
Washington,UT,37.126676,-113.487759,census,Washington city
Wellington,UT,39.535860,-110.734374,census,Wellington city
Wellsville,UT,41.623416,-111.942094,census,Wellsville city
Wendover,UT,40.724025,-114.025097,census,Wendover city
West Jordan,UT,40.602666,-112.001255,census,West Jordan city
Willard,UT,41.403172,-112.042539,census,Willard city
Woods Cross,UT,40.873190,-111.917773,census,Woods Cross city
Amelia Court House,VA,37.335858,-77.986639,census,Amelia Court House CDP
Ashland,VA,37.760417,-77.472414,census,Ashland town
Atkins,VA,36.866981,-81.398577,census,Atkins CDP
Austinville,VA,36.851018,-80.914507,census,Austinville CDP
Bassett,VA,36.761517,-79.986551,census,Bassett CDP
Bastian,VA,37.153528,-81.152495,census,Bastian CDP
Bealeton,VA,38.583015,-77.778763,census,Bealeton CDP
Blairs,VA,36.699268,-79.378910,census,Blairs CDP
Bland,VA,37.099492,-81.115765,census,Bland CDP
Bracey,VA,36.581233,-78.113799,census,Bracey CDP
Bristol,VA,36.616954,-82.157564,census,Bristol city
Broadway,VA,38.608485,-78.801366,census,Broadway town
Cape Charles,VA,37.249726,-76.014156,census,Cape Charles town
Chantilly,VA,38.889180,-77.442088,census,Chantilly CDP
Charlottesville,VA,38.037658,-78.485381,census,Charlottesville city
Chesapeake,VA,36.679376,-76.301788,census,Chesapeake city
Chester,VA,37.352045,-77.433695,census,Chester CDP
Chesterfield,VA,37.377793,-77.504670,nominatim,Chesterfield
Christiansburg,VA,37.140663,-80.404512,census,Christiansburg town
Clear Brook,VA,39.256491,-78.096111,nominatim,Clear Brook
Colonial Heights,VA,37.261685,-77.396804,census,Colonial Heights city
Covington,VA,37.781060,-79.985434,census,Covington city
Cross Junction,VA,39.320378,-78.293338,nominatim,Cross Junction
Culpeper,VA,38.470292,-77.999764,census,Culpeper town
Danville,VA,36.583334,-79.408071,census,Danville city
Disputanta,VA,37.123551,-77.224856,census,Disputanta CDP
Doswell,VA,37.860140,-77.464149,nominatim,Doswell
Drewryville,VA,36.715705,-77.306360,nominatim,Drewryville
Dublin,VA,37.105503,-80.689700,census,Dublin town
Duffield,VA,36.719629,-82.795967,census,Duffield town
Elliston,VA,37.223009,-80.215723,census,Elliston CDP
Emporia,VA,36.696182,-77.535975,census,Emporia city
Fairfax,VA,38.853183,-77.299025,census,Fairfax city
Fancy Gap,VA,36.671304,-80.701083,census,Fancy Gap CDP
Franklin,VA,36.684014,-76.941396,census,Franklin city
Fredericksburg,VA,38.299272,-77.486658,census,Fredericksburg city
Front Royal,VA,38.924952,-78.183426,census,Front Royal town
Glade Spring,VA,36.789944,-81.772253,census,Glade Spring town
Gladstone,VA,37.546809,-78.849462,nominatim,Gladstone
Gordonsville,VA,38.135552,-78.187406,census,Gordonsville town
Gum Spring,VA,37.775526,-77.896811,nominatim,Gum Spring
Hampton,VA,37.047961,-76.297293,census,Hampton city
Harrisonburg,VA,38.436255,-78.873303,census,Harrisonburg city
Henrico,VA,37.629476,-77.518903,nominatim,Henrico
Hillsville,VA,36.761614,-80.736704,census,Hillsville town
Hopewell,VA,37.291010,-77.298944,census,Hopewell city
Keysville,VA,37.038989,-78.480437,census,Keysville town
King George,VA,38.279436,-77.184308,census,King George CDP
Lambsburg,VA,36.585408,-80.761182,nominatim,Lambsburg
Lanexa,VA,37.423757,-76.901075,nominatim,Lanexa
Leesburg,VA,39.106396,-77.559195,census,Leesburg town
Lexington,VA,37.782332,-79.444320,census,Lexington city
Lorton,VA,38.698722,-77.216649,census,Lorton CDP
Lynchburg,VA,37.399016,-79.195458,census,Lynchburg city
Madison Heights,VA,37.450301,-79.108210,census,Madison Heights CDP
Manassas,VA,38.746808,-77.482633,census,Manassas city
Martinsville,VA,36.683527,-79.863647,census,Martinsville city
Max Meadows,VA,36.978941,-80.961796,census,Max Meadows CDP
Meadowview,VA,36.763746,-81.883540,census,Meadowview CDP
Midlothian,VA,37.484382,-77.649577,census,Midlothian CDP
Montvale,VA,37.385171,-79.725502,census,Montvale CDP
Mount Crawford,VA,38.360875,-78.941035,census,Mount Crawford town
Mount Jackson,VA,38.738878,-78.650918,census,Mount Jackson town
New Church,VA,37.983247,-75.529065,census,New Church CDP
Newport News,VA,37.076136,-76.521980,census,Newport News city
Norfolk,VA,36.923015,-76.244641,census,Norfolk city
Orange,VA,38.247845,-78.113187,census,Orange town
Petersburg,VA,37.204730,-77.392368,census,Petersburg city
Portsmouth,VA,36.859339,-76.356973,census,Portsmouth city
Pound,VA,37.126086,-82.607340,census,Pound town
Powhatan,VA,37.542121,-77.927083,census,Powhatan CDP
Providence Forge,VA,37.442426,-77.043958,nominatim,Providence Forge
Quinton,VA,37.532789,-77.115445,nominatim,Quinton
Raphine,VA,37.937355,-79.232810,nominatim,Raphine
Richmond,VA,37.531399,-77.476009,census,Richmond city
Ridgeway,VA,36.578174,-79.858290,census,Ridgeway town
Roanoke,VA,37.278458,-79.958174,census,Roanoke city
Rockville,VA,37.725978,-77.678324,nominatim,Rockville
Rocky Mount,VA,37.004398,-79.884762,census,Rocky Mount town
Rosedale,VA,36.959278,-81.931235,nominatim,Rosedale
Ruckersville,VA,38.228054,-78.377478,census,Ruckersville CDP
Rural Retreat,VA,36.905132,-81.277250,census,Rural Retreat town
Rustburg,VA,37.272189,-79.100105,census,Rustburg CDP
Ruther Glen,VA,37.940875,-77.461865,nominatim,Ruther Glen
Salem,VA,37.285333,-80.055241,census,Salem city
Sandston,VA,37.513062,-77.313008,census,Sandston CDP
Skippers,VA,36.611817,-77.546646,nominatim,Skippers
South Boston,VA,36.711825,-78.913354,census,South Boston town
South Hill,VA,36.725662,-78.128886,census,South Hill town
Springfield,VA,38.781571,-77.183921,census,Springfield CDP
Staunton,VA,38.157978,-79.061876,census,Staunton city
Sterling,VA,39.004733,-77.405368,census,Sterling CDP
Stony Creek,VA,36.948010,-77.400067,census,Stony Creek town
Suffolk,VA,36.697157,-76.634781,census,Suffolk city
Toms Brook,VA,38.946542,-78.440046,census,Toms Brook town
Townsend,VA,37.184981,-75.958473,nominatim,Townsend
Troutville,VA,37.416654,-79.878096,census,Troutville town
Troy,VA,37.950974,-78.246393,nominatim,Troy
Virginia Beach,VA,36.779525,-76.029142,census,Virginia Beach city
Warfield,VA,36.895984,-77.818997,census,Warfield CDP
Warrenton,VA,38.717817,-77.797316,census,Warrenton town
Warsaw,VA,37.960351,-76.760950,census,Warsaw town
Waynesboro,VA,38.067157,-78.901420,census,Waynesboro city
Winchester,VA,39.173869,-78.176356,census,Winchester city
Woodford,VA,38.113189,-77.408871,nominatim,Woodford
Wytheville,VA,36.953385,-81.088438,census,Wytheville town
Alburgh,VT,44.976728,-73.302570,census,Alburgh village
Bellows Falls,VT,43.134564,-72.459095,census,Bellows Falls village
Brattleboro,VT,42.861623,-72.559216,census,Brattleboro CDP
Derby,VT,44.951696,-72.136303,census-subdivision,Derby town
Fair Haven,VT,43.592783,-73.268898,census,Fair Haven CDP
Ferrisburgh,VT,44.203133,-73.279196,census-subdivision,Ferrisburgh town
Montpelier,VT,44.266448,-72.571524,census,Montpelier city
Rutland,VT,43.609670,-72.977788,census,Rutland city
Saint Albans,VT,44.811538,-73.084462,census,St. Albans city
Saint Johnsbury,VT,44.430445,-72.008582,census,St. Johnsbury CDP
Springfield,VT,43.296641,-72.481870,census,Springfield CDP
Swanton,VT,44.924538,-73.119353,census,Swanton village
Wells River,VT,44.156476,-72.067979,census,Wells River village
Arlington,WA,48.170372,-122.144553,census,Arlington city
Bellingham,WA,48.753442,-122.470179,census,Bellingham city
Blaine,WA,48.987190,-122.748770,census,Blaine city
Castle Rock,WA,46.271858,-122.903925,census,Castle Rock city
Chehalis,WA,46.664176,-122.965425,census,Chehalis city
Ellensburg,WA,47.000124,-120.549540,census,Ellensburg city
Federal Way,WA,47.311596,-122.337757,census,Federal Way city
Ferndale,WA,48.853366,-122.590232,census,Ferndale city
George,WA,47.083149,-119.861683,census,George city
Granger,WA,46.345295,-120.192673,census,Granger city
Kalama,WA,46.017142,-122.841937,census,Kalama city
Kent,WA,47.390008,-122.213528,census,Kent city
Longview,WA,46.145707,-122.964299,census,Longview city
Marysville,WA,48.080214,-122.154312,census,Marysville city
Moses Lake,WA,47.127850,-119.276384,census,Moses Lake city
North Bend,WA,47.487967,-121.768786,census,North Bend city
Olympia,WA,47.040604,-122.895000,census,Olympia city
Omak,WA,48.422338,-119.530623,census,Omak city
Pasco,WA,46.266113,-119.121426,census,Pasco city
Prosser,WA,46.209022,-119.767753,census,Prosser city
Ritzville,WA,47.123041,-118.375332,census,Ritzville city
Rock Island,WA,47.373167,-120.142076,census,Rock Island city
Seattle,WA,47.619335,-122.351538,census,Seattle city
Spokane,WA,47.666935,-117.433322,census,Spokane city
Sprague,WA,47.304889,-117.971290,census,Sprague city
Sumner,WA,47.227215,-122.236264,census,Sumner city
Sunnyside,WA,46.315655,-120.005628,census,Sunnyside city
Tacoma,WA,47.252199,-122.459832,census,Tacoma city
Thorp,WA,47.065483,-120.670837,census,Thorp CDP
Toledo,WA,46.444721,-122.852230,census,Toledo city
Toppenish,WA,46.380242,-120.312583,census,Toppenish city
Tumwater,WA,46.989463,-122.917277,census,Tumwater city
Wapato,WA,46.443632,-120.421507,census,Wapato city
Wenatchee,WA,47.435985,-120.329266,census,Wenatchee city
Yakima,WA,46.590938,-120.549400,census,Yakima city
Abbotsford,WI,44.943486,-90.317339,census,Abbotsford city
Adams,WI,43.955240,-89.816548,census,Adams city
Altoona,WI,44.799963,-91.439585,census,Altoona city
Amery,WI,45.304590,-92.363356,census,Amery city
Antigo,WI,45.141269,-89.155225,census,Antigo city
Appleton,WI,44.278873,-88.388284,census,Appleton city
Arcadia,WI,44.248575,-91.491554,census,Arcadia city
Ashland,WI,46.581760,-90.871898,census,Ashland city
Baldwin,WI,44.954096,-92.371826,census,Baldwin village
Baraboo,WI,43.468072,-89.738387,census,Baraboo city
Barneveld,WI,43.012213,-89.898168,census,Barneveld village
Barron,WI,45.402192,-91.844350,census,Barron city
Bear Creek,WI,44.531318,-88.727536,census,Bear Creek village
Beaver Dam,WI,43.475368,-88.827871,census,Beaver Dam city
Belgium,WI,43.501807,-87.847551,census,Belgium village
Belleville,WI,42.864018,-89.539616,census,Belleville village
Belmont,WI,42.737670,-90.334319,census,Belmont village
Beloit,WI,42.523506,-89.017660,census,Beloit city
Berlin,WI,43.969729,-88.950033,census,Berlin city
Big Bend,WI,42.883895,-88.203596,census,Big Bend village
Black Earth,WI,43.134619,-89.747354,census,Black Earth village
Black River Falls,WI,44.298335,-90.840258,census,Black River Falls city
Blair,WI,44.327131,-91.299402,census,Blair city
Bloomer,WI,45.102828,-91.491540,census,Bloomer city
Bonduel,WI,44.737994,-88.451350,census,Bonduel village
Boscobel,WI,43.147132,-90.705141,census,Boscobel city
Brillion,WI,44.173510,-88.067823,census,Brillion city
Bristol,WI,42.532323,-88.009098,census,Bristol village
Brodhead,WI,42.616836,-89.375604,census,Brodhead city
Brownsville,WI,43.614608,-88.495215,census,Brownsville village
Burlington,WI,42.675249,-88.271871,census,Burlington city
Butler,WI,43.108448,-88.072232,census,Butler village
Cadott,WI,44.949802,-91.153760,census,Cadott village
Cameron,WI,45.403592,-91.739750,census,Cameron village
Camp Douglas,WI,43.919721,-90.269703,census,Camp Douglas village
Cedar Grove,WI,43.568247,-87.822969,census,Cedar Grove village
Chilton,WI,44.030188,-88.161667,census,Chilton city
Chippewa Falls,WI,44.934653,-91.389165,census,Chippewa Falls city
Clintonville,WI,44.622120,-88.751714,census,Clintonville city
Colgate,WI,43.192830,-88.206774,nominatim,Colgate
Coloma,WI,44.038651,-89.531148,census,Coloma village
Columbus,WI,43.336805,-89.029988,census,Columbus city
Combined Locks,WI,44.261909,-88.305102,census,Combined Locks village
Cottage Grove,WI,43.092222,-89.205337,census,Cottage Grove village
Crivitz,WI,45.233350,-88.006947,census,Crivitz village
Cumberland,WI,45.536073,-92.024753,census,Cumberland city
Curtiss,WI,44.952767,-90.439585,census,Curtiss village
Darien,WI,42.599001,-88.714273,census,Darien village
Darlington,WI,42.676355,-90.120520,census,Darlington city
De Forest,WI,,,unmatched,
De Pere,WI,44.430990,-88.079936,census,De Pere city
Denmark,WI,44.349336,-87.831198,census,Denmark village
Dodgeville,WI,42.966011,-90.129717,census,Dodgeville city
Durand,WI,44.622405,-91.960308,census,Durand city
East Troy,WI,42.785184,-88.395573,census,East Troy village
Eau Claire,WI,44.818343,-91.494769,census,Eau Claire city
Edgar,WI,44.922851,-89.962611,census,Edgar village
Edgerton,WI,42.838947,-89.069571,census,Edgerton city
Elkhorn,WI,42.671601,-88.536256,census,Elkhorn city
Endeavor,WI,43.714338,-89.469197,census,Endeavor village
Fennimore,WI,42.985668,-90.653242,census,Fennimore city
Fond Du Lac,WI,43.772182,-88.440264,census,Fond du Lac city
Fort Atkinson,WI,42.923982,-88.845488,census,Fort Atkinson city
Fox Lake,WI,43.561568,-88.914752,census,Fox Lake city
Francis Creek,WI,44.200532,-87.720911,census,Francis Creek village
Franksville,WI,42.760019,-87.913413,nominatim,Franksville
Fremont,WI,44.259933,-88.870137,census,Fremont village
Friendship,WI,43.971746,-89.820016,census,Friendship village
Green Bay,WI,44.521542,-87.986568,census,Green Bay city
Hartford,WI,43.322467,-88.377737,census,Hartford city
Hartland,WI,43.102352,-88.335595,census,Hartland village
Hayward,WI,46.006588,-91.489684,census,Hayward city
Hixton,WI,44.383081,-91.014800,census,Hixton village
Holmen,WI,43.971004,-91.266306,census,Holmen village
Horicon,WI,43.445001,-88.640328,census,Horicon city
Hortonville,WI,44.335766,-88.636599,census,Hortonville village
Hudson,WI,44.963882,-92.730253,census,Hudson city
Janesville,WI,42.684698,-89.013170,census,Janesville city
Jefferson,WI,43.003955,-88.808473,census,Jefferson city
Johnson Creek,WI,43.079053,-88.771069,census,Johnson Creek village
Kaukauna,WI,44.277161,-88.264292,census,Kaukauna city
Kenosha,WI,42.587526,-87.879996,census,Kenosha city
Kewaskum,WI,43.518028,-88.231528,census,Kewaskum village
Kieler,WI,42.582306,-90.605183,census,Kieler CDP
La Crosse,WI,43.824685,-91.224616,census,La Crosse city
Ladysmith,WI,45.460974,-91.097573,census,Ladysmith city
Lake Mills,WI,43.077639,-88.906411,census,Lake Mills city
Larsen,WI,44.191650,-88.623999,nominatim,Larsen
Lena,WI,44.953037,-88.047325,census,Lena village
Little Chute,WI,44.291128,-88.320399,census,Little Chute village
Lomira,WI,43.594248,-88.443216,census,Lomira village
Luxemburg,WI,44.544227,-87.706721,census,Luxemburg village
Lyndon Station,WI,43.708788,-89.893654,census,Lyndon Station village
Madison,WI,43.087815,-89.429856,census,Madison city
Manitowoc,WI,44.097981,-87.678945,census,Manitowoc city
Maribel,WI,44.278597,-87.802126,census,Maribel village
Marinette,WI,45.086794,-87.632443,census,Marinette city
Marshall,WI,43.170486,-89.062647,census,Marshall village
Marshfield,WI,44.663291,-90.171736,census,Marshfield city
Mauston,WI,43.799976,-90.079554,census,Mauston city
Medford,WI,45.135433,-90.343502,census,Medford city
Menasha,WI,44.212338,-88.427357,census,Menasha city
Menomonie,WI,44.889200,-91.909570,census,Menomonie city
Merrill,WI,45.180635,-89.700339,census,Merrill city
Middleton,WI,43.106959,-89.506340,census,Middleton city
Milton,WI,42.774675,-88.939991,census,Milton city
Milwaukee,WI,43.063348,-87.966695,census,Milwaukee city
Mondovi,WI,44.570255,-91.666851,census,Mondovi city
Monroe,WI,42.603210,-89.636706,census,Monroe city
Mount Horeb,WI,43.005939,-89.731704,census,Mount Horeb village
Mukwonago,WI,42.852988,-88.320626,census,Mukwonago village
Necedah,WI,44.022091,-90.075051,census,Necedah village
Neenah,WI,44.164925,-88.479628,census,Neenah city
Neillsville,WI,44.560316,-90.590781,census,Neillsville city
New Berlin,WI,42.972000,-88.129168,census,New Berlin city
New Holstein,WI,43.949222,-88.094881,census,New Holstein city
New Lisbon,WI,43.875292,-90.162379,census,New Lisbon city
New London,WI,44.395910,-88.738610,census,New London city
New Richmond,WI,45.124977,-92.547938,census,New Richmond city
Oak Creek,WI,42.878693,-87.898676,census,Oak Creek city
Oakdale,WI,43.962167,-90.379118,census,Oakdale village
Omro,WI,44.038973,-88.736994,census,Omro city
Onalaska,WI,43.889658,-91.204356,census,Onalaska city
Oostburg,WI,43.624134,-87.788108,census,Oostburg village
Osceola,WI,45.319253,-92.695792,census,Osceola village
Oshkosh,WI,44.023168,-88.562260,census,Oshkosh city
Osseo,WI,44.579831,-91.213829,census,Osseo city
Park Falls,WI,45.936339,-90.444272,census,Park Falls city
Peshtigo,WI,45.059392,-87.749483,census,Peshtigo city
Pewaukee,WI,43.066141,-88.244465,census,Pewaukee city
Phillips,WI,45.694035,-90.401420,census,Phillips city
Plainfield,WI,44.217499,-89.496926,census,Plainfield village
Platteville,WI,42.727923,-90.468103,census,Platteville city
Plover,WI,44.462020,-89.537971,census,Plover village
Plymouth,WI,43.745274,-87.965322,census,Plymouth city
Portage,WI,43.548951,-89.465866,census,Portage city
Poynette,WI,43.392165,-89.404787,census,Poynette village
Prairie Du Chien,WI,43.041618,-91.135408,census,Prairie du Chien city
Prairie Du Sac,WI,43.293928,-89.735231,census,Prairie du Sac village
Prentice,WI,45.541224,-90.292805,census,Prentice village
Pulaski,WI,44.668206,-88.234279,census,Pulaski village
Redgranite,WI,44.053283,-89.115869,census,Redgranite village
Reedsburg,WI,43.535051,-89.995509,census,Reedsburg city
Rhinelander,WI,45.634283,-89.429947,census,Rhinelander city
Rice Lake,WI,45.481992,-91.745762,census,Rice Lake city
Richfield,WI,43.239390,-88.234017,census,Richfield village
Richland Center,WI,43.339577,-90.383430,census,Richland Center city
Ripon,WI,43.843560,-88.837936,census,Ripon city
River Falls,WI,44.860850,-92.625708,census,River Falls city
Roberts,WI,44.973298,-92.550082,census,Roberts village
Saint Croix Falls,WI,45.411370,-92.624694,census,St. Croix Falls city
Saukville,WI,43.388946,-87.943896,census,Saukville village
Schofield,WI,44.913348,-89.621478,census,Schofield city
Seymour,WI,44.514416,-88.327340,census,Seymour city
Sheboygan,WI,43.738713,-87.731531,census,Sheboygan city
Sheboygan Falls,WI,43.729279,-87.826235,census,Sheboygan Falls city
Shullsburg,WI,42.573280,-90.234740,census,Shullsburg city
Somerset,WI,45.125706,-92.672961,census,Somerset village
Sparta,WI,43.938249,-90.812705,census,Sparta city
Spencer,WI,44.753615,-90.298465,census,Spencer village
Spooner,WI,45.825917,-91.886125,census,Spooner city
Stanley,WI,44.959383,-90.943719,census,Stanley city
Stevens Point,WI,44.525300,-89.550377,census,Stevens Point city
Sturgeon Bay,WI,44.822676,-87.369806,census,Sturgeon Bay city
Sturtevant,WI,42.698900,-87.901553,census,Sturtevant village
Suamico,WI,44.626729,-88.033045,census,Suamico village
Superior,WI,46.692119,-92.080356,census,Superior city
Sussex,WI,43.134854,-88.226041,census,Sussex village
Thorp,WI,44.957957,-90.802185,census,Thorp city
Tomah,WI,43.987927,-90.501437,census,Tomah city
Trego,WI,45.905802,-91.831060,census,Trego CDP
Turtle Lake,WI,45.390622,-92.149832,census,Turtle Lake village
Two Rivers,WI,44.156137,-87.577352,census,Two Rivers city
Verona,WI,42.991265,-89.539247,census,Verona city
Viroqua,WI,43.560622,-90.886155,census,Viroqua city
Watertown,WI,43.189405,-88.728910,census,Watertown city
Waukesha,WI,43.009084,-88.245062,census,Waukesha city
Waupaca,WI,44.350048,-89.070003,census,Waupaca city
Waupun,WI,43.631547,-88.737534,census,Waupun city
Wausau,WI,44.961766,-89.646538,census,Wausau city
West Bend,WI,43.417492,-88.181685,census,West Bend city
West Salem,WI,43.898534,-91.087453,census,West Salem village
Whitewater,WI,42.837439,-88.734282,census,Whitewater city
Wilson,WI,44.958609,-92.170496,census,Wilson village
Windsor,WI,43.245704,-89.281518,census,Windsor village
Winneconne,WI,44.111314,-88.711977,census,Winneconne village
Wisconsin Dells,WI,43.638367,-89.775759,census,Wisconsin Dells city
Wisconsin Rapids,WI,44.392923,-89.826749,census,Wisconsin Rapids city
Wittenberg,WI,44.826881,-89.166583,census,Wittenberg village
Wonewoc,WI,43.653477,-90.224242,census,Wonewoc village
Woodruff,WI,45.894436,-89.691154,census,Woodruff CDP
Beckley,WV,37.773148,-81.161550,census,Beckley city
Bruceton Mills,WV,39.659396,-79.640606,census,Bruceton Mills town
Buckhannon,WV,38.992734,-80.228243,census,Buckhannon city
Charleston,WV,38.348692,-81.632324,census,Charleston city
Chester,WV,40.612924,-80.562730,census,Chester city
Elkins,WV,38.923719,-79.854260,census,Elkins city
Ellenboro,WV,39.270009,-81.055655,census,Ellenboro town
Fairmont,WV,39.476877,-80.149089,census,Fairmont city
Falling Waters,WV,39.563771,-77.887544,census,Falling Waters CDP
Gassaway,WV,38.666723,-80.770361,census,Gassaway town
Huntington,WV,38.410651,-82.434689,census,Huntington city
Hurricane,WV,38.427474,-82.018080,census,Hurricane city
Inwood,WV,39.353822,-78.055191,census,Inwood CDP
Ivydale,WV,38.310097,-81.704569,nominatim,Ivydale
Jane Lew,WV,39.110783,-80.408009,census,Jane Lew town
Kearneysville,WV,39.388156,-77.885552,nominatim,Kearneysville
Martinsburg,WV,39.457769,-77.978212,census,Martinsburg city
Mineral Wells,WV,39.190408,-81.532077,nominatim,Mineral Wells
Moorefield,WV,39.067419,-78.962411,census,Moorefield town
Morgantown,WV,39.637487,-79.946856,census,Morgantown city
Mount Nebo,WV,39.602305,-79.707830,nominatim,Mount Nebo
New Martinsville,WV,39.645553,-80.862670,census,New Martinsville city
Nitro,WV,38.411614,-81.807811,census,Nitro city
Parkersburg,WV,39.261278,-81.543350,census,Parkersburg city
Richwood,WV,38.222444,-80.537959,census,Richwood city
Ripley,WV,38.821616,-81.709312,census,Ripley city
Sutton,WV,38.667772,-80.713461,census,Sutton town
Teays,WV,38.447336,-81.924420,census-prefix,Teays Valley CDP
Valley Grove,WV,40.086261,-80.577049,census,Valley Grove village
West Union,WV,39.296785,-80.776020,census,West Union town
Alpine,WY,43.172857,-111.020875,census,Alpine town
Buffalo,WY,44.338545,-106.715344,census,Buffalo city
Burns,WY,41.190871,-104.359035,census,Burns town
Casper,WY,42.842120,-106.321282,census,Casper city
Cheyenne,WY,41.128275,-104.799155,census,Cheyenne city
Cokeville,WY,42.079237,-110.951898,census,Cokeville town
Douglas,WY,42.754773,-105.397802,census,Douglas city
Evanston,WY,41.260088,-110.963739,census,Evanston city
Evansville,WY,42.875985,-106.267750,census,Evansville town
Fort Bridger,WY,41.318335,-110.389387,census,Fort Bridger CDP
Gillette,WY,44.272580,-105.498936,census,Gillette city
Green River,WY,41.512922,-109.470796,census,Green River city
Laramie,WY,41.311544,-105.606884,census,Laramie city
Little America,WY,41.549363,-109.884876,census,Little America CDP
Lovell,WY,44.835801,-108.391889,census,Lovell town
Lusk,WY,42.761259,-104.458403,census,Lusk town
Lyman,WY,41.327540,-110.297449,census,Lyman town
Midwest,WY,43.410768,-106.277289,census,Midwest town
Mills,WY,42.849882,-106.390830,census,Mills town
Moorcroft,WY,44.264483,-104.947564,census,Moorcroft town
Newcastle,WY,43.850271,-104.196487,census,Newcastle city
Pine Bluffs,WY,41.180212,-104.074782,census,Pine Bluffs town
Rawlins,WY,41.785130,-107.224653,census,Rawlins city
Riverton,WY,43.026256,-108.381303,census,Riverton city
Rock Springs,WY,41.594705,-109.220921,census,Rock Springs city
Sheridan,WY,44.796219,-106.964166,census,Sheridan city
Sinclair,WY,41.776084,-107.119940,census,Sinclair town
Thayne,WY,42.919886,-110.995255,census,Thayne town
Thermopolis,WY,43.647615,-108.214538,census,Thermopolis town
Torrington,WY,42.063075,-104.172984,census,Torrington city
Wamsutter,WY,41.667977,-107.979142,census,Wamsutter town
Wheatland,WY,42.051706,-104.959472,census,Wheatland town
Worland,WY,44.020402,-107.961653,census,Worland city
Wright,WY,43.749153,-105.494834,census,Wright town
Watson Lake,YT,60.062431,-128.706804,nominatim,Watson Lake
Whitehorse,YT,60.721571,-135.054932,nominatim,Whitehorse
